문항(키워드),자기소개서,회사,직무,지원 시기,대학 분류,전공,학점,언어,경험,기타
1. 지원한 이유와 입사 후 회사에서 이루고 싶은 꿈을 기술하십시오.,"학부시절 지역아동센터에서 멘토링 활동을 하며 공간의 중요성을 실감하였습니다. 문화체험 활동으로 멘티와 에버랜드에 가면서 아이의 새로운 면을 볼 수 있었습니다. 내성적이였던 멘티는 평소에 감정 표현을 잘 하지 않았기 때문에 멘토링에 어려움이 있었습니다. 하지만 에버랜드 카니발 퍼레이드를 함께 보면서 멘티가 활짝 웃는 모습을 처음 볼 수 있었습니다. 이를 계기로 멘티가 느꼈던 감정과 속 이야기를 하면서 급속도로 가까워질 수 있었습니다.제가 에스원에 지원하는 이유는 공간을 통해 이용객들에게 행복을 전할 수 있기 때문입니다. 'DESIGN HAPPINESS' 라는 서비스 철학을 바탕으로 많은 사람들이 이 공간에서 만큼은 행복과 즐거움을 느끼게 하고 싶습니다.에스원의 고객행복이라는 궁극적 목표달성을 위해 다방면에서 지원하는 관리자가 되고 싶습니다. 첫째, 리조트 부문은 폭우, 폭염 등 이상 기후에 상당한 영향을 받습니다. 그러므로 사내 다양한 사업의 특성을 이해하고 분석하여 상황에 맞는 의사결정을 할 필요가 있습니다.둘째, 직원만족은 고객경영으로 직결되기 때문에, 직원들을 뒷받침해줄 수 있는 경험을 기획하고 싶습니다. 고객에게 행복을 주는 공간을 기획하는 것이 임직원의 역할이기 때문에, 직원들의 업무능력을 향상시킬 수 있도록 다양한 경험 및 교육을 제공하겠습니다.",삼성에스원,경영지원,2024 상반기,인서울4년제,영어,학점 4.23,"토익: 930, 토익스피킹: 레벨6",,학점 4.23 공기업 인턴 6개월 사조사2급
"2. 본인의 성장과정을 간략히 기술하되 현재의 자신에게 가장 큰 영향을 끼친 사건, 인물 등을 포함하여 기술하시기 바랍니다. (※작품속 가상인물도 가능)","<에너지를 주는 소통: 고객 서비스에서 얻은 교훈> 아름다운가게에서 매장관리를 하며, 고객과의 소통을 통해 원활한 가게 운영을 할 수 있었습니다. 저는 사람들과 대화하는 것을 즐기기 때문에 고객의 문의에 성실히 응답하는 것에 큰 보람을 느꼈습니다. 때로는 손님들이 물건을 찾는 것 같을 때, 적극적으로 다가가 도움이 필요한지 물어보았습니다. 물건을 진열하는 동안, 연령층이 높은 단골 손님들께 인사를 건네며 친밀감을 고취시키려 노력했습니다. 매장 운영은 가끔 힘든 순간도 있었지만, 고객과의 소통을 통해 에너지를 얻을 수 있었던 소중한 경험이었습니다. 고객에게 훌륭한 서비스를 제공하여 그들의 마음에 따뜻한 인상을 남기는 것이 제 궁극적인 목표입니다. 고객과의 소통 경험을 토대로, 고객이 요구하는 바를 정확히 이해하고 신속히 처리하는 서비스 전문가가 되겠습니다.<다양한 부서와의 소통> KOTRA에서 인턴을 하면서 외장하드 등록 업무를 담당하여 다양한 팀원들과 소통하였습니다. 각 부서 팀원들이 사내에서 일반 외장하드를 사용할 수 있도록 등록 절차를 수행해야 했는데, 등록을 승인하는 역할을 맡았습니다. 팀원들이 신청 및 사용 방법에 대해 문의할 때마다 친절하게 안내하고, 모르는 부분은 성심껏 설명해주었습니다. 타부서 팀원과의 소통을 통해 타인이 쉽게 이해할 수 있도록 명확하게 정보를 전달하는 것이 중요하다는 것을 깨달았습니다.",삼성에스원,경영지원,2024 상반기,인서울4년제,영어,학점 4.23,"토익: 930, 토익스피킹: 레벨6",,학점 4.23 공기업 인턴 6개월 사조사2급
3. 최근 사회이슈 중 중요하다고 생각되는 한가지를 선택하고 이에 관한 자신의 견해를 기술해 주시기 바랍니다.,"[환경문제 속 비즈니스 기회 찾기] 사회·문화적 기대가 끊임없이 변화하면서 기업은 그에 맞는 사회적 책임(CSR)을 지고 있습니다. 세계적으로 기후변화와 탄소중립이 주요 의제로 논의되면서 소비자들은 '에코웨이크닝', 즉 환경인식이 점점 커지고 있습니다. 이에 따라 기업들은 사회적 기대를 제품 및 서비스에 반영하기 위해 친환경 소재를 사용한 제품을 생산하고 있습니다. 환경문제를 해결하는 주체가 국가적 차원만이 아닌, 기업차원으로 확대되고 있는 것은 바람직한 방향이라고 생각합니다. 기업은 경제적 가치를 추구하면 환경문제 해결을 포기해야 한다는 생각때문에 환경오염을 일으키면서 경제적 가치를 극대화하고자 하였습니다. 하지만 이 두 가지는 서로 상충관계가 아닌 시너지를 줄 수 있는 보완적 관계임을 인식해야 합니다. 그렇기 때문에 기업 스스로 비즈니스를 새롭게 정의하는 관점의 변화가 필요합니다. 기업이 환경문제 해결에 앞장서고, 이 속에서 비즈니스 기회를 찾는다면 경제적 이윤과 사회적 가치 창출을 동시에 얻을 수 있을 것입니다.",삼성에스원,경영지원,2024 상반기,인서울4년제,영어,학점 4.23,"토익: 930, 토익스피킹: 레벨6",,학점 4.23 공기업 인턴 6개월 사조사2급
2. 직무관련," 양주도시공사에서 청년인턴으로 근무하며 첫 방문이었던 이용객을 대상으로 체육시설 이용 관련 내용에 대해 전반적으로 안내해드렸습니다. 해당 이용객은 타지에서 이사를 왔기에 현지 체육시설 이용과 관련하여 사정에 밝지 못하였습니다. 그리하여 우선 체육시설을 이용하기 위한 절차에 대해 설명해 드렸습니다. 인터넷 대관 예약을 위한 계정을 만들기 위한 회원 가입부터 대관 예약 방법, 대관료 결제 및 시설 이용 안내에 필요한 기본적인 사항에 대하여 안내드리며 현지 체육 동호회 관련 내용에 대해서도 간략하게 안내해드렸습니다. 이를 통해 추후 스스로 대관 예약을 통해 체육시설을 이용하실 수 있도록 도와드렸습니다.[고객친절] 양주도시공사에서 인턴으로 근무하며 체육 시설을 이용하는 이용객의 문의에 적극적으로 대응하였습니다. 주말에 테니스 대관 문의를 위해 사무실에 방문한 이용객이 있었습니다. 대관 현황을 확인해 보니 이미 다른 이용객의 대관 예약이 잡혀있어 이용하지 못하는 상황이었습니다. 하지만 이때 급히 대안을 마련하여 차량으로 이동할 때 불과 몇 분 거리에 있는 테니스장을 안내해 드렸으며 바로 대관할 수 있다는 사실을 확인한 뒤에 현장 결제를 도와드렸습니다. 그 결과, 적극적인 안내 및 설명을 통해 테니스장을 이용하실 수 있도록 원만하게 조치하였습니다. 당시의 나라면 어떻게 했을지 생각하면서 해결책을 제시했기에 이용객의 입장에서 편의를 배려해 드릴 수 있었고, 좋은 인상을 심어 드릴 수 있었습니다. 이를 계기로 고객을 응대하는데 필요한 맞춤 서비스 능력을 기르기 위해 노력하였습니다.[협동심] 물류센터 반품 공정에서 근무하며 업무 설명 및 안내를 통하여 사원들의 협력을 이끌어냈습니다. 현장에는 수많은 사원이 각기 담당한 공정에서 근무하고 있었습니다. 당시 단기사원 4인이 한 조가 되어 근무하는 공정이 있었습니다. 여기서 점심시간 이후 한 명이 조퇴하며 결국 남은 세 명이 근무해야 했습니다. 그러나 이들은 한 명이 조퇴하였다는 이유로 제대로 업무를 하지 않았습니다. 여기서 저는 해당 공정에서 오랫동안 근무한 경험을 바탕으로 업무를 직접 시연하며 구체적으로 설명하였습니다. 여기서 반품 공정 전체를 위해서 사원들 각자 맡은 업무가 중요하다는 점을 역설하였습니다. 업무 도중에 힘들다면 직접 도와줄 것이며 그것도 힘에 부친다면 중간관리자에게 말씀드려 직원을 보강하겠다고 설득하였습니다. 그 결과, 사원의 협력을 이끌어냈으며 곧 대체 인원이 보강되어 업무를 원만히 마무리 지었습니다.",성동구도시관리공단,업무직,2024 상반기,지방대,문과,학점 4.04/4.5,토익: 890,,학점 4.04/4.5
3. 성격소개," 섬세한 업무처리능력이 제 장점입니다. 학교에서 일하던 당시 카드비용을 정산하던 때였습니다. 한 달간 사용한 액수에 대해서 영수증과 카드 명세서를 비교하며 액수를 정확히 계산해야 했습니다. 여기에 영수증을 날짜 별, 항목 별로 정리해야 했기에 섬세함이 많이 요구되었습니다. 처음엔 반복해서 오차가 생겼고 갈수록 지치기도 했지만, 평소 숫자계산에 자신 있었기에 포기하지 않았습니다. 결국 여러 번 오차를 수정해서 액수를 정확하게 정산하는데 성공했습니다. 반면 지난 일에 대한 집착이 강합니다. 실수에 대한 집착으로 인해 업무에 열중하지 못하고 그르치는 경우가 있었습니다. 이 일을 계기로 지난 일을 반면교사로 삼아 끊임없이 보완하고 개선하며 성장하는 직원이 되도록 하겠습니다.",성동구도시관리공단,업무직,2024 상반기,지방대,문과,학점 4.04/4.5,토익: 890,,학점 4.04/4.5
4. 장래희망 및 입사후 포부," 시설 안내원으로 근무하며 방문하는 모두에게 열려있는 이미지를 심어줄 수 있도록 하겠습니다. 이를 위해 첫째, 주인 의식을 바탕으로 상대방의 편의를 생각하여 공공서비스를 제공하겠습니다. 둘째, 조직 구성원들과 원만한 관계를 쌓으며 이를 바탕으로 업무를 수행하는 데 원만한 분위기를 형성하기 위해 노력하겠습니다. 마지막으로 자기개발을 통해 필요한 업무 역량을 키워나가도록 하겠습니다. 이와 같은 업무를 위한 능동적인 자기계발을 통하여 늘 준비된 인재, 신뢰받는 직원이 되도록 하겠습니다.",성동구도시관리공단,업무직,2024 상반기,지방대,문과,학점 4.04/4.5,토익: 890,,학점 4.04/4.5
"1. 빙그레의 인재상에 비춰볼 때, 지원자님은 어떤 유형의 인재라고 생각하는지 구체적 사례를 들어 기술해 주세요. (인재상: 채용사이트 내 도움말 참조)","<성장을 거듭하는 열정 인재>빙그레의 인재상 중 저를 가장 잘 표현하는 유형은 “최선을 다하는 열정 유형의 인재” 입니다. 초등학교, 중고등학교, 대학교에 이르기까지 끊임없이 도전하는 자세를 지향하였고, 설령 당장은 불가능해 보이는 목표가 있더라도 최선을 다해 노력해 왔습니다. 제 삶에서 가장 처음 도전했던 것은 조리 특성화고등학교에 진학하는 것이었습니다. 외식 산업 분야로 진로가 특정될지 우려하였던 가족의 만류에도 불구하고, 식품에 대한 명확한 관심을 기반으로 자신만의 커리어 패스를 구축하고자 한국조리과학고등학교의 조리과 진학을 도전하였습니다. 요리에 대한 지식과 경험이 전무한 상태로 입학하였기 때문에 실습실에서만큼은 열등생이었습니다. 그러나 졸업할 때는 누구보다 뛰어난 실력을 갖추는 것을 목표로 정진했습니다. 이러한 열정을 녹여내 3천시간의 조리 실습을 이수하였으며, 조리기능사 자격증 중 가장 높은 난도인 복어조리기능사를 포함하여 총 7개의 조리기능사 자격증을 취득하고 조리 경진대회에서 입상할 정도의 우수한 실력을 갖추었습니다. 나아가 조리를 전공하며 갖게 된 외식 경영인의 꿈을 키워나가고자 대학교 진학을 위한 학업을 병행하여 경희대학교 외식경영학과에 입학할 수 있었습니다. 고교 시절 치열하게 도전하고 성장했던 경험은 성인이 된 이후에도 지속적인 성장 동력으로서 작용했습니다. 2번의 해외 인턴십과 4번의 식품 관련 대외활동, 1년 8개월의 MD 정규직을 수행하며 마주하는 한계를 넘어설 수 있었습니다. 이러한 열정과 도전정신을 바탕으로 밝은 미소의 메신저 빙그레의 가장 빛나는 영업사원이 되겠습니다.",빙그레,국내영업,2024 상반기,경희대,외식경영,학점 3.6,오픽: IH,사회생활 경험: 스타트업 1년 8개월,학점 3.6 해외 인턴십 2회
2. 지원 직무에 대한 지원자님의 경쟁력을 기술해 주세요.,"< 협상력에 기반한 전략적 커뮤니케이션 역량 > 제가 지닌 영업관리 업무의 경쟁력은 협상력에 기반하여 전략적인 커뮤니케이션을 수행하는 점 입니다 대학교 시절부터 학회, 동아리, 학생회 등의 활동을 통해 다양한 유형의 사람들과 네트워킹하였고, 이러한 과정에서 협상력을 바탕으로 활동을 끌어나가는 역량을 발견할 수 있었습니다. 이러한 협상 역량을 보다 발전시키기 위한 노력을 지속하였습니다. 먼저, 관련 도서를 통해 협상의 쟁점을 학습하였습니다. 특히 로버트 치알디니 작가의 저서 ‘초전 설득'을 통해 협상의 기본 이론을 학습하였습니다. 협상 주도권을 갖기 위해 필요한 상황과 감정적 교류, 협상을 이루는 완벽한 타이밍을 찾는 방법을 배울 수 있었습니다. 나아가 협상 연구회 17기로 활동하며 보다 세부적인 협상 기술을 강화하였습니다. 협상의 근본적인 역량과 그에 기반하여 활용할 수 있는 배트나 프레이밍 등 협상에 활용하는 기술을 습득하였고, 실제 구매자와 판매자가 되어 협상 실습을 진행하며 배운 협상 기술을 체화시킬 수 있었습니다. 마지막으로 이러한 활동을 통해 향상한 협상 역량을 실제 업무에 적용하여 자체 노하우를 강화하였습니다. 000의 MD 근무에 있어 크리에이터 섭외 및 계약 조건을 조율하는 과정이 포함되어 있었습니다. 초반에 크리에이터의 요구를 수용하여 계약을 진행하였다면, 협상 역량을 강화하여 사측의 의도와 조건을 반영한 계약 진행에 집중하였습니다. 이를 통해 크리에이터와의 관계를 유지하면서 기업의 이윤 향상에 기여할 수 있었습니다. 이처럼 지속해서 발전시켜 온 협상력과 커뮤니케이션 역량은 빙그레에서 영업 관리 업무를 수행하는 데 도움이 될 수 있으리라 자신합니다.대학교 3학년, 청년 인턴으로 근무하며 몰입과 집요함을 기반으로 차별화된 성과를 달성한 경험이 있습니다. 당시 00공사의 해외 인턴으로 선발되어 00지사에서 3개월간 신규 거래처 발굴 업무를 수행했습니다. 이러한 목표를 달성하기 위하여 몽골의 외식 산업에 대한 조사를 바탕으로 총 13곳의 현지 유통사와 미팅을 추진했습니다. 그러나 미팅을 통해 적극적으로 상품을 어필해도 거래 계약으로 이어지지 않아 난항을 겪었습니다. 한국과 몽골의 식문화가 상이한 데다, 유통 인프라 격차로 인해 수출 사와 유통 시간의 매칭이 잘 이뤄지지 않았고, 계약에 대한 논의가 시작되어도 몽골 유통사 특유의 소극적인 커뮤니케이션으로 인해 흐지부지되고는 했습니다. 이러한 상황을 해결하고자 보다 적극적으로 소통이 가능한 수출사-유통사 간의 수출 상담회 개최를 제안하였습니다. 대규모 행사 기획에 많은 인적, 물적 자원이 투입되는 부담이 컸지만, 신규 거래처 발굴이라는 활동 목표를 달성하고자 하는 의지를 바탕으로 프로젝트를 선도하였습니다. 상담회 전 수출 사와 유통 시간의 소통에 도움이 될 수 있도록 유통 세미나와 제품 전시회를 준비했습니다. 덕분에 수출사는 몽골 시장에 대한 이해도를 바탕으로 상담회에 임하였고, 유통사 또한 수출사의 다양한 제품군에 관심을 가졌습니다. 소통의 어려움을 보완한 덕분에 수출 상담회는 활발하게 진행되었고, 마침내 상담회 당일에 양국 기업간의 첫 수출계약을 체결하여 활동 목표를 달성할 수 있었습니다.",빙그레,국내영업,2024 상반기,경희대,외식경영,학점 3.6,오픽: IH,사회생활 경험: 스타트업 1년 8개월,학점 3.6 해외 인턴십 2회
3. 상기 문항에서 언급되지 않았으니 기재하고 싶은 추가 내용이 있을 시 간단하게 요약하여 기술해 주세요.,"상기 문항에 포함되지 않았던 퇴사 사유에 대해 말씀드리고 싶습니다. 먼저 저는 행복이란 함께 성장하고 성취하는 과정이라고 생각합니다. 지난 스타트업에서 근무한 경험이 이러한 행복을 정의하는 전환점이 되었습니다. 이전에는 개인적인 성장과 성취만이 행복의 길이라고 생각하였습니다. 그러나 근무하였던 기업이 유의미한 성과를 도출하지 못하였을 때 행복감이 점차 사라지는 것을 느꼈던 경험이 있습니다. 당시 300억 이상의 투자를 유치한 스타트업에서 130여개의 콘텐츠를 출시하며 업무 목표를 달성하였으나, 매출은 지속해서 역신장을 기록했고 점차 재정이 악화하여 감을 느낄 수 있었습니다. 콘텐츠 사업부의 다양한 도전도 유의미한 성과를 달성하지 못했고, 이후 구조조정까지 진행되었습니다. 열정적으로 회사를 위해 일했던 동료들이 떠나는 것에 대한 불안을 경험하는 것은 사회초년생으로서 쉽지 않았습니다. 결국 회사는 지속해서 실적이 감소했고, 콘텐츠 기획의 목적을 잃고 퇴사하게 되었습니다. 이러한 과정에서 행복이란 개인적인 성취로만 지속할 수 없으며, 조직 안에서 함께 성장하며 안정과 성취감을 통해 얻을 수 있다는 것을 알게 되었습니다. 향후 소속되어 있는 조직에서 목표를 달성하며 기업과 함께 성장하는 행복을 지속해서 추구해 나가고 싶습니다.",빙그레,국내영업,2024 상반기,경희대,외식경영,학점 3.6,오픽: IH,사회생활 경험: 스타트업 1년 8개월,학점 3.6 해외 인턴십 2회
"1. 지원하게 된 동기 및 연구활동, 성과계획 및 목표."," 저는 다양한 설계프로그램을 사용하고 배웠습니다. 작년부터 설계에 대한 관심도가 높아져서 AUTO CAD를 공부하여 자격증을 취득했습니다. 추가적으로 NX (3D CAD) 교육을 이수하여 수료증을 취득하였습니다. 강사를 해주시는 분이 직접 실무를 맡고 계셨던 분이라 실무에서 사용되는 도면 및 다양한 노하우를 전수해 주었습니다. 학기 중에는 CATIA를 사용하여 설계하는 방법 및 도면을 보는 방법을 배웠고, 추가로 INVENTOR를 배워 3D프린터로 직접 설계한 것을 뽑아보는 등 많은 노력을 했습니다. 그리고 다양한 외부 활동을 통해 직무 경험을 쌓았습니다.  올해 학기 초부터 캡스톤 디자인이라는 프로젝트를 진행했는데, 수소 전기자동차를 직접 연구하고 공부하여 제작하는 프로젝트에 팀장을 맡아 전반적인 프로젝트를 진행했습니다. 차체를 제작하는 부분에서 수소연료탱크와 바퀴 및 축 치수를 고려하여 직접 CATIA를 통해 설계했고, 설계한 차체를 3D프린터로 제작하여 자체를 만들었습니다. 이 밖에도 물이 수소와 산소로 전기분해로 차량이 움직일 수 있는 동력의 생산 원리를 실험과 연구를 하면서 확립했습니다. 그 결과물을 바탕으로 발표하여 우수한 성적까지 받으면서 설계능력을 입증했습니다.  학생회장으로서 각 학과 팜플렛을 제작하면서 전자제품 산업에 대해 자료조사를 한 적이 있습니다. 이를 계기로 기술력을 바탕으로 가전부품 및 중소형가전 분야에서 독보적인 기술 포트폴리오를 가진 회사라는 것을 알았습니다. 전자부품 시장에서 인정받기 위해서는 타 업체들을 능가하는 기술력을 갖추어야 할 것입니다. 저는 기계공학 전공자로서 공부하면서 체득한 역량을 바탕으로 설계 업무를 담당하고 싶습니다. 대학교에서 교수님과 함께 동력의 원리를 이용하여 수소 전기자동차 특성을 분석해본 경험이 있습니다. 수소연료탱크와 바퀴 및 축 치수를 고려하여 분석해보았습니다. 저는 이와 같은 경험을 바탕으로 스타리온 기원에서 전자부품을 설계하는 데 직무를 담당함으로써 스타리온 기원 글로벌 매출 달성에 반드시 기여하겠습니다.",스타리온 기원,연구개발팀,2024 상반기,인제대학교,기계공학과,학점 3.5/4.5,,,"학점 3.5/4.5 학생회 활동 한국사검정시험: 초급, 기타: AUTO CAD 마스터 1급"
2. 지금까지 살아오면서 달성했던 가장 큰 목표 및 목표를 해결하기 위한 과정과 결과 또는 성과.,"  저는 2023년도 인제대학교 학생복지위원회 위원장으로 활동했습니다. 선출되고 나서 가장 먼저 한 업무는 한해의 행사 계획이었습니다. 학업에 대한 스트레스를 해소하면서 몸과 마음을 단련시키는 행사를 진행해야겠다고 다짐했습니다. 전 학년을 대상으로 사전 조사를 시행했고 최다 득표인 국토대장정으로 결정했습니다. “20대의 팔팔한 청춘을 그리는, 이팔청춘”이라는 슬로건으로 제주도 올레길을 걷는 코스로 기획을 진행했습니다. 인원 모집 공고, 홍보물 및 로고 제작, 예산 편성 등 전 과정을 도맡아 신경을 쓰고 노력했습니다. 60여 명이 넘는 학생들의 단장으로서 안전에 유의하여 4박 5일간 국토대장정을 무사고로 무사히 마칠 수 있었습니다. 처음으로 하는 대외 활동에 규모가 커서 걱정을 많이 했는데 함께 준비했던 학생회 일원들이 있었기에 성공적인 행사를 진행할 수 있었습니다. 행사를 마무리하고 국토대장정에 참가했던 참가자들과 학생회 교수님의 인정을 통해 과정은 힘들었지만, 성취감을 경험할 수 있었습니다. 학창 시절부터 대규모 프로젝트를 진행해보는 것이 목표였는데, 직접 부딪혀보면서 구성원들과의 소통과 리더십, 대처능력 등 많은 것을 배울 수 있었습니다.",스타리온 기원,연구개발팀,2024 상반기,인제대학교,기계공학과,학점 3.5/4.5,,,"학점 3.5/4.5 학생회 활동 한국사검정시험: 초급, 기타: AUTO CAD 마스터 1급"
3. 지금까지 살아오면서 겪은 가장 큰 환경의 변화와 어떤 방식으로 그 환경의 변화에 대처 한지.," 저는 학기 내내 학생회 활동을 하면서 구성원들과 끊임없는 의사소통을 통해 문제점 및 개선할 점, 올바른 학생윤리를 이끌 수 있도록 노력했습니다. 하지만 코로나가 유행하기 전의 학교 분위기와 이후의 학교 분위기는 전혀 달랐습니다. 학생들 서로 간의 교류가 줄어드니 공동체 사회에서 개인주의적 사회가 되어가는 것을 몸소 느꼈습니다. 이러한 부분은 학생회의 행사 참여 빈도에서 수치상으로 나타났고, 행사를 기획 및 준비하는 입장에서 개선해야 한다고 생각했습니다. 하지만 한편으로는 코로나로 인해 참여를 안 한다는 판단으로 참여 인원을 줄이고 행사에 들어가는 예산을 축소시켰습니다. 더욱더 다양한 행사를 많이 진행하면서 학생들이 적응할 수 있도록 권장했습니다. 실제로 이런 방법으로 진행해보니 참여율도 높아졌고 행사 만족도 조사를 시행했을 때 좋은 성과를 거둘 수 있었습니다. 점점 달라져 가는 학생문화에 빠르게 적응하고 이에 대한 해결책 및 개선 방안을 모색하여 적응할 수 있는 능력을 키우게 되었습니다.",스타리온 기원,연구개발팀,2024 상반기,인제대학교,기계공학과,학점 3.5/4.5,,,"학점 3.5/4.5 학생회 활동 한국사검정시험: 초급, 기타: AUTO CAD 마스터 1급"
4. 자신의 성격 (강점/ 약점)," 제가 생각했을 때 저의 장점은 끈기와 책임감 그리고 도전정신입니다. 한 가지 일에 몰두하게 되면 목표를 달성하기 위한 많은 노력과 최선을 다하여 일을 수행해냅니다. 학기 내내 학생회 활동을 하면서 활발하고 쾌활한 성격으로 여러 사람과 소통하며 거리낌 없이 잘 지냈고, 캡스톤 디자인 프로젝트 내에서 팀장으로서 다양한 아이디어와 의견을 제시하여 팀을 이끌었습니다. 또한, 학생복지위원장, 중앙선거관리위원장이라는 중요한 자리에 선출되어 학생들 앞에서 약속했던 행사 및 공약 사항을 지킬 수 있도록 책임감 있게 행동했습니다. 그 결과로 공약률 100%를 달성하여 믿음에 대해 보답을 했습니다. 제가 생각했을 때 저의 단점은 여러 일이나 임무가 한 번에 들어왔을 때 멀티태스킹이 되지 않아서 되물어보는 경우가 더러 있습니다. 이 부분에 대해 극복하고자 항상 주의를 기울이고 메모를 습관화하면서 단점을 극복하려고 노력하고 있습니다.",스타리온 기원,연구개발팀,2024 상반기,인제대학교,기계공학과,학점 3.5/4.5,,,"학점 3.5/4.5 학생회 활동 한국사검정시험: 초급, 기타: AUTO CAD 마스터 1급"
"1. 지금까지 참여했던 단체 활동, 프로젝트 등에서 겪은 가장 큰 난관은 무엇이었습니까? 그 안에서 맡은 역할은 무엇이었습니까? 문제 해결을 위해 어떠한 시도를 하였고, 어떻게 해결했는지 구체적으로 기술해 주세요.","문제의식에 기반한 비효율개선 00 콘텐츠 사업부에서 근무하던 당시 내부 시스템 어드민 기능 업데이트 후 업무에 필요한 기능이 삭제되어 불편을 겪은 경험이 있습니다. 페이지 세팅에 필요한 크리에이터 정보 확인기능이 상실되어 별도의 작업으로 내용을 확인해야 되었고, 런칭일 수정 기능이 사라져 기술팀에 개별적으로 요청해야 되어 양측 리소스 낭비를 발생시켰습니다. 또한 업무 순서와 맞지 않는 세팅 순서로 프로세스전반이 비효율적으로 되었습니다. 서비스가 빠르게 전환되는 과정에서 급격한 기능 개발이 이뤄지는 시점이라 실무진의 의견을 반영하지 않고 업데이트가 진행된 것이 문제였는데 이를 근본적으로 해결하고 싶었습니다. 먼저 동료들의 피드백에 기반한 개선 요청사항을 기능 담당 PM에게 전달했고, 사유에 대해서도 상세하게 설명하였습니다. 개발팀에서는 실무진의 의견을 받아들여 요청한 개선사항을 적용해 빠르게 업데이트 해주었고 해당 과정에서 사소한 부분도 간과하지 않고 지속적으로 팔로우업조치를 취하였습니다. 결국 필요한 부분을 완벽하게 반영한 개선을 진행할 수 있었고, 팀전체의 업무효율을 높일 수 있었습니다.",ak plaza,영업관리,2024 상반기,경희대,외식경영,학점 3.6,오픽: IH,사회생활 경험: 스타트업 1년 8개월,학점 3.6 해외인턴 2회
"2. 지금까지 살아오며 본인의 자아/생각/사고방식 등에 큰 영향을 미친 요소들은 무엇입니까? 개인의 성장과정과 함께 기술해 주세요. (인물, 사건, 창작물 등)","긍정과 끊임없는 도전초등학교, 중고등학교, 대학교에 이르기까지 끊임없이 도전하는 자세를 지향하였고, 설령 당장은 불가능해 보이는 목표가 있더라도 긍정의 사고를 바탕으로 노력해 왔습니다. 관련 경험으로 대학 시절 해외 교환학생으로 가고 싶었지만 집안에서 도움을 받을 수 없고 금전적인 여유도 없던 상황이었던 적이 습니다. 하지만 교환학생은 대학생일 때에만 경험해 볼 수 있었고 입학 때부터 절실하게 참여를 원하였기에 적극적으로 기회를 모색하였습니다. 그 결과 디즈니 인턴십과 학업이 결합한 International College Program을 찾을 수 있었고, 선발되기 위하여 치열하게 준비 하였습니다. 지원 마감을 맞추기 위하여 한 학기 휴학을 결정하였고, 부족한 영어 실력을 갖추기 위해 토플을 공부하였습니다. 또한 해외 거주기간 동안의 생활비를 모으려 다양한 아르바이트를 하는 등 만반의 준비를 갖추어 지원하였습니다. 학교, 미국 UCF 대학, 디즈니 본사 직원과 총 3번의 인터뷰 끝에 교환학생으로 선발되어 미국 최고의 테마파크에서 근무하며 공부도 하는 경험을 할 수 있었고, 이런 경험을 바탕으로 대학교 3학년 농식품부 해외 인턴십 기회까지 잡을 수 있었습니다.",ak plaza,영업관리,2024 상반기,경희대,외식경영,학점 3.6,오픽: IH,사회생활 경험: 스타트업 1년 8개월,학점 3.6 해외인턴 2회
3. 업무/직무와 무관하게 본인이 가장 자신 있게 잘할 수 있는 것은 무엇입니까? 그것을 잘 하기까지 어떠한 노력을 했는지 구체적으로 기술해 주세요.,"< 전략적 커뮤니케이션 역량 > 협상력에 기반하여 전략적인 커뮤니케이션을 수행하는 것이 자신있게 잘한다 얘기할 수 있는 부분입니다. 대학교 시절부터 호텔경영학회, 유도 동아리, 6번의 대외활동에 참여하며 다양한 유형의 사람들과 네트워킹을 하였고, 이러한 과정에서 협상력을 바탕으로 활동을 이끌어나가는 역량을 발견할 수 있었습니다. 이러한 협상 역량을 보다 발전시키기 위한 노력을 지속하였습니다. 먼저, 관련 도서를 통해 협상의 쟁점을 학습하였습니다. 특히 로버트 치알디니 작가의 저서 ‘초전 설득'을 통해 협상의 기본 이론을 학습하였습니다. 협상 주도권을 갖기 위해 필요한 상황과 감정적 교류, 협상을 이루는 완벽한 타이밍을 찾는 방법을 배울 수 있었습니다. 나아가 협상연구회 17기로 활동하며 보다 세부적인 협상 스킬을 강화하였습니다. 협상의 근본적인 역량과 그에 기반하여 활용할수 있는 배트나 프레이밍 등 협상 관련 스킬을 배울 수 있었습니다. 또한 실제 구매자와 판매자가 되어 협상 실습을 진행하며 배운 협상 스킬을 활용하며 체화시킬 수 있었습니다. 마지막으로 이러한 활동을 통해 향상시킨 협상 역량을 실제 업무에 적용하여 자체 노하우를 강화하였습니다. 00기업의 MD근무에 있어 크리에이터 섭외 및 계약 조건을 조율하는 과정이 포함되어 있었습니다. 초반에 크리에이터의 요구를 수용하여 계약을 진행하였다면, 협상 역량을 강화하여 사측의 의도와 조건을 반영한 계약 진행에 집중하였습니다. 이를 통해 크리에이터와의 관계를 유지하면서 기업의 이윤 향상에 기여할 수 있었습니다. 이와 같이 지속적으로 발전시켜온 협상력과 커뮤니케이션 역량은 AK 에서 영업관리 업무를 수행하는데 도움이 될 수 있으리라 확신합니다.",ak plaza,영업관리,2024 상반기,경희대,외식경영,학점 3.6,오픽: IH,사회생활 경험: 스타트업 1년 8개월,학점 3.6 해외인턴 2회
"4. AK PLAZA / AK MALL을 이용하면서 느꼈던 장/단점을 제시하고, AK PLAZA / AK MALL의 경쟁력을 제고할 수 있는 아이디어를 제시해 주세요.","높은 접근성을 뒷받침하는 편의성 AK PLAZA는 높은 접근성과 생활밀착형 매장 입점으로 인한 친근한 느낌이 강점으로 느껴졌습니다. 특히나 2030세대가 자주 이용하는 라이프스타일 관련 매장이 빠짐없이 입점되어 있어 친근한 백화점으로 다가갈 수 있다는 장점이 있습니다. 또한 다양한 가격대의 드 입점으로 인해 소비자의 니즈를 폭넓게 충족하여 고객 편의성에 집중하였다고 느껴졌습니다. 이는 기존 백화점과의 차별화 요인과 동시에 NSC컨셉을 지향하는 AK PLAZA만의 장점이라고 생각합니다. AK PLAZA의 관점을 담은 매장의 부재다만 큐레이션 요소가 부족하였던 점이 아쉬웠습니다. 관련하여 경쟁사인 현대백화점의 경우 자체 기획 편집샵을 다수 유치하여 차별화 요소를 강화하는 것을 볼 수 있었습니다. AK PLAZA만의 브랜드 방향성과 기획력을 녹인 큐레이션 매장을 찾을 수 없다는 것은 신규 고객 유입에 어려움이 될 수 있다고 생각합니다. 점포 경쟁력을 강화하는 자체 기획 콘텐츠 AK PLAZA의 장점인 높은 접근성은 인근 지역주민을 유입하는 강점이 되나, 신규 고객을 유치하기 위한 큐레이션 요소가 부족한 것이 단점으로 생각됩니다. AK PLAZA만의 자체기획 콘텐츠를 강화하여 경쟁력을 제고할 수 있다고 생각합니다. 관련하여 카테고리 영향력을 갖춘 크리에이터와의 기획 브랜드를 론칭한다면 화제성과 함께 차별성을 강화할 수 있을 것입니다.",ak plaza,영업관리,2024 상반기,경희대,외식경영,학점 3.6,오픽: IH,사회생활 경험: 스타트업 1년 8개월,학점 3.6 해외인턴 2회
1. 성장과정,"살아가는 데 있어서 중요한 가치관은 다양한 이해관계자들과의 소통입니다. 이 가치관을 가지게 된 계기는 학교생활, 사회생활을 통해 다양한 가치관을 지닌 사람들과 생활하는 과정에서 크고 작은 문제들을 해결했기 때문입니다. 학부 시절 무기재료화학 분야의 연구실 소속 학생으로서 매주 세미나에 참여하면서 의사소통의 중요성을 다시금 깨달은 경험이 있습니다. 그 당시, 5명의 팀원과 월 1회 진행되는 발표 연습 스케줄 조정해야 했습니다. 발표 순서를 정하는 과정에서 의견 차이가 발생했고, 이를 해결하고자 했습니다. 우선 서로 원하는 시간을 말해보는 시간을 통해 학업, 아르바이트, 학부 연구생 등의 활동을 병행하다 보니, 서로 원하는 시간에도 이유가 있다는 것을 알게 되었습니다. 이후 합리적인 대안을 마련하고자 5명 팀원의 2개월 동안 개인 스케줄을 공유하고, 서로 겹치지 않고, 과제 수행이 가능한 여유 기간 1주 동안 시간을 고려한 일정을 선택할 수 있었습니다. 이러한 소통이 있었기 때문에 서로 자유롭게 의견을 제시하고 의견에 대한 각자의 입장을 정리함으로써 5명 팀원 모두 정해진 일정에 발표를 마무리할 수 있었습니다.*자리수 : 984/1000bytes",한국유나이티드제약,전동연구소(분석관련직무),2024 상반기,지거국,화학,학점 3.27/4.5,,,학점 3.27/4.5
2. 가족과 가장 기억나는 추억 및 가족의 의미,"올해 겨울 가족들과 함께 속초로 여행을 갔던 일이 가장 기억에 남습니다. 여행을 가기로 한 전날까지 아무런 계획을 안 세운 것에 대해 화가 나서 혼자 계획을 세웠지만, 이후 다른 가족들도 여행지에서 볼만한 것, 기념품이나 먹을 것 등을 찾아주며 함께 계획을 마무리했습니다. 이후 다음 날 아침부터 버스를 타고 속초에 가서 예상보다 이른 시간에 속초에 도착했습니다. 오랜만에 멀리 여행 온 것에 대해 즐거워하며 사진도 찍고 거리를 걸어 다녔고 점심은 그 전날 계획해 두었던 대게와 킹크랩을 맛있게 먹으며 배를 든든히 채웠습니다. 그런데 생각보다 볼거리를 찾아온 게 없어서 계속해서 걸어 다니며 해수욕장 주변도 걷고 계속해서 걷는 여행이었지만 가족들과 함께이니 재밌었고 사진이나 많이 찍자고 생각하며 사진을 많이 남겼습니다. 저에게 가족은 어느 사람보다도 가까운 사이로 기쁜 일이 있으면 가장 먼저 알려주고 싶고 슬프고 속상한 일이 있으면 털어놓고 위로받고 싶은 존재입니다. 또한 지금까지는 특별한 일이 있지 않은 한 떨어지지 않고 계속 함께하고 있고 다른 사람들은 볼 수 없는 제 모습을 보여줄 수 있는 존재입니다.*자리수 : 980/1000bytes",한국유나이티드제약,전동연구소(분석관련직무),2024 상반기,지거국,화학,학점 3.27/4.5,,,학점 3.27/4.5
3. 성격 및 장/단점,"주변 사람들로부터 미세한 디테일까지 놓치지 않는다는 이야기를 종종 듣습니다. 체외 진단 의료기기를 생산하는 회사에서 현장실습 진행 중에 소변 스트립의 불량을 검수하는 업무를 수행하며 긍정적인 피드백을 들었던 적이 있습니다. 제품에 작은 점, 먼지가 붙어있거나 스트립이 수평으로 잘 붙어있는지 검수하는 업무를 처리하는 과정을 수행하였습니다. 그 당시 하루에 1천개 이상의 스트립을 확인해야 하는 상황이었고 고객에게 컴플레인이 들어오지 않도록 하기 위해 빠르고 꼼꼼하게 스트립의 불량을 확인하였습니다. 이렇게 한 번에 확실하게 불량을 검수해 내고 최소 한 번 이상 다시 확인하는 과정을 통해 불량 제품을 100개 이상을 발견해 낼 수 있었습니다.이처럼 미세한 디테일까지 놓치지 않는 장점이 있지만 일의 시작 전 여러 변수를 고려하다 보니 시간 투자를 많이 하는 경향이 있습니다. 하지만 한정된 시간에 정해진 일을 모두 수행해 내기 위해서는 보완이 필요하므로 해야 할 일이 정해졌을 때 30분 단위의 한정된 시간 목표를 세웠습니다. 이와 같은 목표를 지켜나가다 보니 늘어지지 않게 일을 진행할 수 있었습니다.*자리수 : 972/1000bytes",한국유나이티드제약,전동연구소(분석관련직무),2024 상반기,지거국,화학,학점 3.27/4.5,,,학점 3.27/4.5
4. 교내생활,"신생 실험실의 구성원으로서 실험실에 소속되어 있는 동기들과 함께 실험실을 홍보하는 실험 프로그램을 진행해 본 경험을 가지고 있습니다. 회의를 통해 효과적인 홍보 방법을 논의하였고, 무기재료화학실험실의 특성을 살려 합성실험을 한 후에 그 합성 물질로 배터리를 만들어 보는 실험을 진행하기로 하였습니다. 이후 팀원들의 강점을 파악하여 업무를 분배하여서 저와 다른 동기는 진행해 본 합성실험 경험을 통해 서로 다른 전이 금속을 골라서 합성실험을 하기로 하였습니다. 나머지 다른 동기도 수행해 본 실험을 바탕으로 두 명이 한 합성실험 결과 시료로 배터리를 만드는 역할을 맡기로 하였습니다. 또한 실험을 진행할 때 진행 결과를 확인하고 실험 과정 사진을 찍기 위해 한 명씩 돌아가며 실험할 때 함께 참여하기로 하였습니다. 학기 중이어서 시간이 많지는 않았지만, 실험실 홍보라는 공동의 목표를 생각하며 즐겁게 실험을 준비하였고 직접 후배들과 실험을 진행할 때는 실험의 원리와 과정을 설명해 준 후 실험을 진행하였습니다. 이러한 협업의 과정을 통해 최종적으로 홍보활동을 잘 마무리하고 2명의 신규 학생의 가입 성과도 얻을 수 있었습니다.*자리수 : 997/1000bytes",한국유나이티드제약,전동연구소(분석관련직무),2024 상반기,지거국,화학,학점 3.27/4.5,,,학점 3.27/4.5
5. 지원동기 및 포부,저는 한국인이 주인인 다국적 제약기업을 목표로 하는 한국유나이티드제약의 성장과 함께하고 싶어 한국유나이티드제약에 지원하였습니다. 한국유나이티드제약은 이미 해외법인과 공장을 설립하여 5개의 지사를 보유하고 있으며 올해 4월에는 우크라이나로부터 GMP 우수 의약품 제조 및 관리 기준 승인 확정을 받았습니다. 저는 이렇게 수준 높은 GMP 기준을 가지고 있는 한국유나이티드제약에서 높은 퀄리티의 이화학실험 및 미생물실험을 수행하고 싶습니다.저는 품질관리팀의 신입으로 들어가 맡은 업무를 빠르게 익혀 꼼꼼하고 정확하게 일을 수행하고 싶습니다. 전공에서 배운 내용들과 학교 안팎에서 진행해 본 실험 경험을 통해 품질관리 시험법을 빠르게 익히고 제품의 품질을 분석하는 일을 꼼꼼히 수행할 것입니다. 또한 수출이 많은 한국유나이티드제약에 더 잘 적응하기 위해 언어적 역량도 개발해 나갈 것입니다. 반복되는 분석 실험을 통해 품질관리 규정을 개발하고 업데이트하는 노력도 게을리하지 않을 것입니다. 이를 통해 한국유나이티드제약의 제품에 대한 신뢰성이 향상되도록 하며 품질관리 직무의 전문성과 발전에 기여하도록 노력하겠습니다.*자리수 : 993/1000bytes,한국유나이티드제약,전동연구소(분석관련직무),2024 상반기,지거국,화학,학점 3.27/4.5,,,학점 3.27/4.5
6. 지원분야 업무를 위해 준비한 내용,"제제연구소에서 하는 업무에 지원하기 위해 첫째, 업무수행에 필요한 지식을 습득하기 위해 노력하였습니다. 기기분석, 생물통계학 및 실습과목을 이수하면서 SEM, XRD, RAMAN 등 여러가지 분석기기의 특징을 배우며 기기들의 사용 방법을 학습하였고 그래프를 통해 결과를 분석하는 방법에 대해 배울 수 있었습니다. 더불어 실무에 적용할 수 있도록 6시그마 GB 교육 이수와 자격증 취득을 통해 생산, 품질 등에서 발생하는 결함과 문제를 통계적 기법을 활용하여 근본적인 원인을 찾아 해결하는 방법을 학습할 수 있었습니다. 또한 미니 탭 실습까지 진행하며 결과를 그래프로 나타내고 분석하는 과정까지 수행할 수 있었습니다. 둘째, 업무 수행에 필요한 장비사용 기술 능력을 높이기 위해 노력하였습니다. 1년 6개월 동안 무기 재료화학 실험실 소속의 학생으로서 다양한 분석 도구의 사용 능력을 기를 수 있었고 그중에서도 MnO2 cone 실험을 진행하는 선배에게 실험을 배우는 과정에서 sem의 사용법을 배울 수 있었습니다. 또한 실무 경험을 통해 품질관리 직무가 수행하게될 일에 대해 경험해 볼 수 있었습니다.*자리수 : 948/1000byte",한국유나이티드제약,전동연구소(분석관련직무),2024 상반기,지거국,화학,학점 3.27/4.5,,,학점 3.27/4.5
1. 나의 성장과정,"지금까지 살아오면서 가장 중요하게 생각하는 것 이해관계자들과의 소통입니다. 이 생각을 가지게 된 계기는 다양한 사람들과 생활하는 과정에서 크고 작은 문제들을 해결했기 때문입니다. 학부 시절 무기재료화학 분야의 연구실 소속 학생으로서 매주 세미나에 참여하면서 의사소통의 중요성을 다시금 깨달은 경험이 있습니다. 그 당시, 5명의 팀원과 월 1회 진행되는 발표 스케줄 조정해야 했습니다. 발표 순서를 정하는 과정에서 의견 차이가 발생했고, 이를 해결하고자 했습니다. 우선 서로 원하는 시간을 말해보는 시간을 통해 학업, 아르바이트, 학부 연구생 등의 활동을 병행하다 보니, 서로 원하는 시간에도 이유가 있다는 것을 알게 되었습니다. 이후 합리적인 대안을 마련하고자 5명 팀원의 2개월 동안 개인 스케줄을 공유하고, 서로 겹치지 않고, 과제 수행이 가능한 여유 기간 1주 동안 시간을 고려한 일정을 선택할 수 있었습니다. 이러한 소통이 있었기 때문에 서로 자유롭게 의견을 제시하고 의견에 대한 각자의 입장을 정리함으로써 5명 팀원 모두 정해진 일정에 발표를 마무리할 수 있었습니다.",춘천와이신협,"수신업무, 여신업무, 공제업무, VAN업무",2024 상반기,지거국,화학,학점 3.27/4.5,,,학점 3.27/4.5
2. 나의 성격의 장단점 및 특기사항,"주변 사람들로부터 미세한 디테일까지 놓치지 않는다는 이야기를 종종 듣는 것이 저에게 있어서 꼼꼼하다는 장점으로 작용하게 되었습니다. 체외의료기기를 생산하는 기관에서 현장실습 진행 중에 소변 스트립의 불량을 검수하는 업무를 수행하며 긍정적인 피드백을 들었던 적이 있습니다. 제품에 작은 점, 먼지가 붙어있거나 선이 그어져 있는 경우와 스트립이 수평으로 잘 붙어있는지 검수하는 업무를 처리하는 과정을 수행하였습니다. 그 당시 하루에 1천개 이상의 스트립을 확인해야 하는 상황이었고 만약 검수가 제대로 안 되어 상품으로 나갔을 경우 구매자에게 민원이 들어와 전액을 환불해 주어야 하는 일을 방지하기 위해 스트립을 꼼꼼하게 확인하였습니다. 이렇게 한 번에 확실하게 불량을 검수해 내고 최소 두 번 이상 다시 확인하는 과정을 통해 불량 제품을 100개 이상을 발견해 낼 수 있었습니다. 이처럼 미세한 디테일까지 놓치지 않는 장점이 있지만 일의 시작 전 여러 변수를 고려하다 보니 시간 투자를 많이 하는 경향이 있습니다. 하지만 한정된 시간에 정해진 일을 모두 수행해 내기 위해서는 보완이 필요하므로 해야 할 일이 정해졌을 때 언제까지는 끝내고자 하는 30분 단위의 한정된 시간 목표를 세웠습니다. 이와 같은 목표를 지켜나가다 보니 일이 늘어지지 않고 꼼꼼함에 추진력까지 얻을 수 있었습니다.",춘천와이신협,"수신업무, 여신업무, 공제업무, VAN업무",2024 상반기,지거국,화학,학점 3.27/4.5,,,학점 3.27/4.5
3. 지원동기와 채용해야되는 이유,"신협은 한국의 서민, 중산층을 위한 대표적인 비영리 금융기관입니다. 믿음과 나눔의 정신을 실천하며 사람을 중심으로 생각하는 신협의 경영철학이 제가 지향하는 바와 잘 맞는다고 생각하였습니다. 그래서 제가 가진 역량을 가지고 신협에서 근무하면서 신협이 추구하는 가치를 실현하고 싶어 신협에 지원하였습니다.먼저 저는 꾸준하게 지속되는 일에 대해 일관성 있고 정확하게 일을 수행할 수 있습니다. 대학 입학 때부터 현재까지 꾸준히 가계부를 작성하고 있습니다. 일주일에 한 번씩 한 주에 지출, 수입에 대해 정리하는데 계산한 정보와 가계부 내용이 잘 맞지 않을 때도 가끔 있습니다. 그럴 때마다 저는 정확한 잔액을 맞출 때까지 계속해서 원인을 생각하여 반드시 잔액을 맞춥니다. 이와 더불어 성격적인 장점 또한 업무를 수행하는 데 큰 강점으로 작용할 수 있습니다.다음으로 경제학 강의나 고객관리 교육을 들어 업무에 도움이 될 수 있도록 노력하였습니다. 대학에서 경제학원론 수업을 듣고 경제 용어나 현상에 대해 익숙해지도록 노력하였으며 관련 내용에 흥미를 갖고 공부하여 좋은 성적도 얻을 수 있었습니다. 또한 춘천 와이 신협에 신입사원으로 입사하면 고객과 대면하는 업무가 대부분일 것이라고 생각합니다. 이를 위해 NCS 직무교육 사이트를 통해 고객관리 강의를 들어 신규고객을 확보하고 기존고객을 유지하는 방법 등에 대해 학습할 수 있었습니다.이러한 저의 역량을 발휘하며 춘천 와이 신협의 발전에 기여하고 싶습니다.",춘천와이신협,"수신업무, 여신업무, 공제업무, VAN업무",2024 상반기,지거국,화학,학점 3.27/4.5,,,학점 3.27/4.5
4. 입사 후 계획 및 포부,"우선 신입사원으로서 주어진 업무에 적응을 신속하게 할 수 있도록 노력할 것입니다. 채용공고에 나와 있는 것처럼 수신업무, 여신업무 등을 수행할 것이라고 생각합니다. 이를 위해 평일 저녁이나 주말을 이용해 금융/경제 용어들을 학습하여 더 전문적으로 업무를 수행할 수 있도록 노력할 것입니다. 조직 적응을 위해서도 노력할 것입니다. 함께 근무하는 분들과의 원활한 소통을 위해 적극적으로 다가가 신입직원으로서 필요한 역량 등에 대한 정보를 얻어 그에 부합하는 직원이 될 수 있도록 할 것입니다. 그리고 신협의 이념에 맞는 사람이 되기 위해 조합원분들을 위해 필요한 상품들을 기획하기 위한 아이디어를 활발하게 내놓을 것이며 이를 위해 필요한 조사와 분석을 진행할 것입니다. 또한 조합원분들에게 드릴 도움에 대해 고민하며 사회공헌활동에 적극적으로 참여할 것입니다. 언제나 고객분에게 친절하고 투명한 직원으로서 행동하여 더 신뢰감 있는 직원이 될 수 있도록 노력할 것이고 지속해서 신협의 가치에 부합하는 사람이 되기 위해 노력하겠습니다.",춘천와이신협,"수신업무, 여신업무, 공제업무, VAN업무",2024 상반기,지거국,화학,학점 3.27/4.5,,,학점 3.27/4.5
1. 삼성디스플레이를 지원한 이유와 입사 후 회사에서 이루고 싶은 꿈을 기술하십시오.,"[현실과 가상을 연결하는 세일즈 커리어: 삼성디스플레이에서의 여정]메타버스가 세계적인 주목을 받던 시기, 메타버스 기반 대학 박람회를 총괄하면서 영업 자료 제작을 위한 조사 과정에서 메타버스 산업과 이를 뒷받침하는 디스플레이 산업에 대한 깊은 관심을 가지게 되었습니다. 이후 교내에서 열린 삼성디스플레이 채용 설명회에서 '다이아몬드 픽셀'과 같은 혁신적인 기술을 통해 실제와 가장 유사한 이미지를 재현하는 디스플레이를 제작하는 점이 매우 인상 깊었습니다. 이미 세계 최고 수준의 기술력을 확보하고 있음에도 불구하고, 계속해서 도전하는 기업의 비전을 보며 삼성디스플레이에서의 커리어를 꿈꾸게 되었습니다.입사 후에는 중소형사업부에서 목표 매출을 20% 초과 달성하는 가상현실 기기 영업 전문가가 되고자 합니다. 이를 위해 삼성디스플레이의 제품과 기술을 5분 안에 설명할 수 있는 스피치 역량과 지식을 쌓을 계획입니다. 출근길 자투리 시간을 활용해 관련 팟캐스트를 듣고 시장 트렌드를 파악함으로써, 삼성디스플레이의 우수성과 강점을 더 잘 이해하고, 이를 통해 신규 고객 유치 및 기존 고객 유지에 주력하겠습니다.향후 10년의 노력을 통해, 메타버스 세상과 현실 세상을 연결하는 창으로서 삼성디스플레이가 자리매김하도록 기여할 것입니다. 글로벌 디스플레이 분야에서의 전문성을 개발하여, 대체 불가능한 전문 인력으로 성장하겠습니다.",삼성디스플레이,영업마케팅,2024 상반기,전남대학교,경영,학점 4.3/4.5,"토익: 945, 오픽: AL","사회생활 경험: 미국 로펌 인턴 2개월, 호주 거주(영업직 아르바이트 등) 2년, 현장실습 6개월, 중견기업 영업직 3개월차(지원당시)","학점 4.3/4.5 CJ주관 데이터 분석 대외활동 4개월, 봉사70시간, 대학생법원체험형 프로그램, 대학연합동아리1년, 마케팅대외활동 4개월, 기타프로젝트 2건 기타: SQLD, GTQ2급, 운전면허"
"2. 본인의 성장과정을 간략히 기술하되 현재의 자신에게 가장 큰 영향을 끼친 사건, 인물 등을 포함하여 기술하시기 바랍니다. (※작품 속 가상인물도 가능)","[워킹홀리데이: 영업에 대한 흥미]제 첫 기억은 방 벽에 큼지막하게 붙어 있던 세계지도였습니다. 고등학교를 졸업하기 전까지, 지도 앞에서 글로벌한 인물이 되겠다는 막연한 꿈을 키웠습니다. 외국에서의 삶을 통해 국내에서는 경험할 수 없는 다양한 경험을 하고 싶다는 열망이 점점 커지던 중, 우연히 워킹홀리데이에 대해 알게 됐습니다. 동경하던 삶을 이룰 수 있다는 희망이 생겼고, 비교적 비자 발급이 수월한 호주로 가기로 결심했습니다. 1년 뒤, 운 좋게도 숙식이 제공되는 일자리를 구하며 호주행 비행기에 몸을 실었습니다.그러나 호주 특유의 억양을 이해하는 것이 어려웠고, 결국 한 달 만에 해고되었습니다. 급히 새로운 일자리를 찾아야 했고, 'Solar Panel Sales'라는 공고를 보고 면접을 보게 되었습니다. 다시 운이 따르긴 했지만, 3주 동안 성과를 내지 못했습니다. 제품 정보와 정부 보조금 지급 절차 등을 암기하고 스피치 연습을 했음에도, 그 누구에게도 긍정적인 답변을 받지 못했습니다.좌절하던 저에게 팀 리더가 조언을 해주었고, 이는 제 인생의 터닝포인트가 되었습니다. ""영업의 기본은 사람의 마음을 얻는 것""이라는 말에서 큰 깨달음을 얻었습니다. 그동안 누군가를 실적을 올리기 위한 수단으로만 생각했던 것이 가장 큰 문제였습니다. 이후, 실적보다는 그 사람과 좋은 관계를 맺는 것에 초점을 맞추었습니다. 이후로는 고객들에게 미소를 지으며 친근하게 다가가 제품을 소개했고 제 실적은 점차 상승하여 팀에서 성과 3등을 달성했습니다.이 경험을 통해 낯선 사람들과 쉽게 대화할 수 있는 능력, 타인을 존중하는 태도 등을 갖추게 되었습니다. 그리고 영업직을 수행하며 성취감을 느낀 이후, 영업직에 대한 흥미와 관심을 갖게 되었습니다.[영업 역량 강화의 교훈: 자신감과 준비성의 중요성]미국의 법률 사무소에서 변호사 보증 협약 관련 영업 보조 업무를 맡았습니다. 해당 제도에 대한 이해가 부족했고, 이로 인해 콜드콜을 통한 영업 활동에서 여러 의원에게 회사의 우수성을 충분히 전달하지 못했습니다. 그래서 지속해서 거절을 겪었지만, 이는 오히려 저의 도전 의식을 불태웠습니다.""20곳의 의원으로부터 긍정적인 반응을 얻는다""는 목표를 세운 후, 개인 시간을 할애하여 시장 조사와 미국의 제도에 대해 학습하는 데 매진했습니다. 특히, 의원들이 위치한 사우스캐롤라이나주에서 회사의 고객 증가 추세, 교통사고 케이스에서의 100% 승소율, 그리고 신속한 병원비 지급이라는 경쟁력 있는 서비스 포인트들을 파악했습니다. 이 정보들을 충분히 이해하고 나니, 콜드콜을 진행할 때 더욱 자신감을 가지고 접근할 수 있었고, 결국 목표치를 20% 초과 달성했습니다.이 경험을 통해 영업의 핵심 역량인 새로운 지식을 성실히 습득하는 능력과 자신감 있는 태도를 갖추게 되었습니다. 그뿐만 아니라, 실패를 두려워하지 않고 실패를 통해 배우며 발전하는 자세와 항상 준비된 마음가짐으로 영업직에서의 커리어를 쌓아가겠다는 목표를 세우는 계기가 되었습니다.",삼성디스플레이,영업마케팅,2024 상반기,전남대학교,경영,학점 4.3/4.5,"토익: 945, 오픽: AL","사회생활 경험: 미국 로펌 인턴 2개월, 호주 거주(영업직 아르바이트 등) 2년, 현장실습 6개월, 중견기업 영업직 3개월차(지원당시)","학점 4.3/4.5 CJ주관 데이터 분석 대외활동 4개월, 봉사70시간, 대학생법원체험형 프로그램, 대학연합동아리1년, 마케팅대외활동 4개월, 기타프로젝트 2건 기타: SQLD, GTQ2급, 운전면허"
3. 최근 사회 이슈 중 중요하다고 생각되는 한 가지를 선택하고 이에 관한 자신의 견해를 기술해 주시기 바랍니다.,"[메타버스의 부흥과 디스플레이 산업의 새로운 국면]코로나19로 인해 메타버스 관련 사업들이 폭발적으로 나타났지만, 엔데믹 이후 전 세계적으로 관심은 급격히 줄었습니다. 하지만 올해 초 빅테크 기업들이 관련 기기를 출시하며 메타버스는 새로운 전성기를 맞이했습니다. 이에 따라 우리 국회는 세계 최초로 메타버스 산업 진흥을 위한 법률을 8월부터 시행할 계획입니다. 메타버스와 관련한 저작권, 법적 분류를 정비하고 우선 허용 및 사후 규제 원칙을 통해 민간 중심의 자율 규제를 추진하는 방향으로 보입니다. 기술의 진보보다 법과 제도는 항상 늦게 개정되지만 이 법안은 국가 주도로 메타버스 관련 산업을 성장시키려는 의도를 확인할 수 있습니다.그런데도, 빅테크 기업들이 출시한 XR, MR 기기는 디지털 멀미의 이유로 반품 건수도 증가하는 추세입니다. 이미 우리는 사랑하는 사람들의 눈보다 전자기기와 더 많이 눈을 맞추고 있음에도 현실과 가상의 경계를 허무는 기술들은 여전히 낯선 상황입니다. 디지털 멀미 현상은 디스플레이를 통해 사용자가 보는 화면과 현실 이미지 간의 지연과 간극이 커질수록 더욱 크게 발생합니다. 즉 디스플레이의 반응속도가 빠르고 눈으로 보는 것처럼 화질이 선명할수록 사용자들이 피로감을 느끼지 않게 됩니다.이러한 상황은 디스플레이 기업의 기술력 발전은 기업의 흥망성쇠가 중요한 요소가 될 것입니다. 또한, 발전된 기술을 직접 고객들이 체험하게 함으로써 디스플레이가 또 다른 현실로 가는 '창'임을 인지시켜야 할 것입니다. 삼성디스플레이의 경우는 팬톤 인증을 받을 만큼 생생한 화질과 세계 최고의 기술력을 갖추었습니다. 그렇기에 체험 이벤트를 통해 고객들에게 메타버스로 가는 진정한 ‘창’은 삼성디스플레이임을 각인시켜야 합니다. 또한, 사용자의 애로사항인 디지털 멀미 증상을 기존의 낮은 지연 시간 등 기술과 사용자 맞춤형 디스플레이 설정을 강화하여 해결하는 지를 꾸준히 보여주면서 시장에서 우위를 점할 수 있을 것입니다.",삼성디스플레이,영업마케팅,2024 상반기,전남대학교,경영,학점 4.3/4.5,"토익: 945, 오픽: AL","사회생활 경험: 미국 로펌 인턴 2개월, 호주 거주(영업직 아르바이트 등) 2년, 현장실습 6개월, 중견기업 영업직 3개월차(지원당시)","학점 4.3/4.5 CJ주관 데이터 분석 대외활동 4개월, 봉사70시간, 대학생법원체험형 프로그램, 대학연합동아리1년, 마케팅대외활동 4개월, 기타프로젝트 2건 기타: SQLD, GTQ2급, 운전면허"
4. 본인의 전공능력이 지원한 직무에 적합한 사유를 구체적 사례를 들어 기술해 주시기 바랍니다.,"[데이터 분석을 통한 문제 해결 능력]CJ 리모트 인턴십에서 자전거 교통사고 문제를 해결하기 위한 프로젝트를 진행했습니다. 관련 데이터를 수집했지만, 해결책을 도출하는 데 어려움을 겪었습니다. 이를 극복하기 위해, 저는 팀에 데이터가 공통으로 지시하는 방향성을 파악할 것을 제안했습니다. 이어서, 사고 발생 지역을 보다 세밀하게 동 단위로 분석했고, 버스 정류장, 지하철역, 학교가 밀집된 지역에서 사고가 주로 발생하는 패턴을 발견했습니다. 이러한 지역들은 대부분 횡단보도 주변 300미터 이내에 자전거 전용도로가 없는 것으로 나타났기에, 자전거 전용도로의 설치를 주요 해결책으로 제시했습니다.해당 분석 결과를 발표한 후, 저희 팀은 교내에서 두 번째로 높은 점수를 받을 수 있었습니다. 이 경험을 통해 데이터의 양보다는 분석의 질이 더 중요하다는 것을 깨달았습니다. 또한, 시장을 정확히 이해하고 효과적인 전략을 수립하는 데 필수적인 데이터 분석 역량을 기를 수 있었습니다.[이견 조율과 중재 능력]메타버스 정시 박람회 총괄 중 6개 대학의 부스 배치는 가장 어려운 작업이었습니다. 이를 위해 대학들의 위치 선호도를 1, 2, 3순위로 받아 배분하며, 부스 디자인 마감일 연장이나 특수효과 추가 등의 보상을 제안했습니다. 하지만 두 대학 간의 위치 배치 문제는 더 복잡했습니다. 상담 신청 수가 많은 A 대학과 적은 B 대학 사이의 의견 충돌을 해결하기 위해, A 대학에는 입구 근처 부스를 배치하고, 대기 인원들에게 B 대학 부스 방문을 권유하는 방안을 도입했습니다. 이에 따라 B 대학은 예상보다 50% 더 많은 방문자를 유치할 수 있었고, A 대학도 상담 품질을 유지할 수 있었습니다.이 경험을 통해, 각기 다른 주장을 조율하기 위해 상대방의 입장과 목적을 명확히 파악하는 것의 중요성을 배웠습니다. 앞으로 직무를 수행하며 겪을 갈등 상황에서 상대를 존중하며 해결책을 모색하는 과정은 어렵지만, 이를 직면하고 해결하여 팀워크 강화에 기여하겠습니다.",삼성디스플레이,영업마케팅,2024 상반기,전남대학교,경영,학점 4.3/4.5,"토익: 945, 오픽: AL","사회생활 경험: 미국 로펌 인턴 2개월, 호주 거주(영업직 아르바이트 등) 2년, 현장실습 6개월, 중견기업 영업직 3개월차(지원당시)","학점 4.3/4.5 CJ주관 데이터 분석 대외활동 4개월, 봉사70시간, 대학생법원체험형 프로그램, 대학연합동아리1년, 마케팅대외활동 4개월, 기타프로젝트 2건 기타: SQLD, GTQ2급, 운전면허"
"1. 지원한 직무와 관련하여 본인만이 가지고 있는 차별화된 경쟁력은 무엇이며, 그렇게 생각하는 이유를 기술해 주세요. (700자 이내/ 최소 400자 이상)","[재무분석 능력]아프리카TV의 경영 및 전략기획 직무를 잘 수행하기 위한 차별화된 경쟁력은 재무분석능력입니다. 사업계획을 수립하기 위해 재무 분석이 바탕이 되어야 합니다. 아프리카TV의 내외부 환경을 파악하고 그에 맞는 방향성을 제시하기 위해 데이터에 기반한 분석이 중요하다고 생각합니다.금융기관 인턴으로 158개 기업의 보증서 연장 업무를 수행하면서, 재무제표를 통한 기업신용 분석을 담당했습니다. 자산총계, 당기순이익 등을 통한 재무 구조 확인뿐만 아니라, 미수금이나 유동성 문제에 대한 분석을 통해 현금 흐름을 신속하게 파악했습니다. 또한, 비재무적인 측면에서도 상담과 사업장 방문을 통해 기업 사업성을 종합적으로 평가하며 다각도로 분석하는 능력을 기를 수 있었습니다.또한, 재무 직무부트캠프를 수강하며 매출과 비용 등의 재무 데이터를 분석하며 경영지식을 쌓았습니다. 스타트업 회사의 손익계산서와 현금흐름표를 간접법으로 작성하고 분석하며 미시적인 수치 조정 능력을 증진시켰습니다. 50%로 과도하게 측정되어 있던 마케팅비를 3분기부터 이익이 발생하도록 조정하여 35%로 줄였습니다. 마케팅비용 대신 소비자 페이백 비율을 높여 마케팅 효과를 만들어 전체 매출대비 마케팅비용을 감소시킬 수 있었습니다. 이 과정에서 sumifs나 index, match와 같은 함수의 사용을 익혀 실제 업무에서 어떻게 사용될지 직접 적용했습니다.",아프리카TV,경영 및 전략기획,2024 상반기,건국대,영어영문학,학점 3.67/4.5,토익: 880,사회생활 경험: 공공기관 인턴,"학점 3.67/4.5 한국사검정시험: 고급, 컴퓨터활용능력: 1급"
2. 본인의 이야기를 형식의 제한 없이 자유롭게 기술해 주세요. (1500자 이내/ 최소 500자 이상),"[문자 시스템 구축으로 업무 효율성 개선]수학 학원 상담실에서 아르바이트할 때 자세한 문자 내용 발송으로 전화 문의율을 감소시켜 업무 효율성을 증대시킨 경험이 있습니다. 학생 등하원 시간이 되면 학부모의 전화문의율이 급증했습니다. 고객의 민원이 몰리는 것은 파악하지 못한 문제가 있다고 생각이 들었고, 고객 만족도 개선을 위해 학부모 문의 내용을 분석했습니다. 그 결과 자녀의 등하원 시간에 대한 관심도가 높고 학생의 잔류 여부에 민감하게 반응한다는 것을 깨달았습니다.먼저, 반 별로 남는 학생의 명단을 파악하여 그룹화하였고, 특성에 맞춘 문자를 발송하여 관리성을 향상했습니다. 또한, 매 타임별 하원 학생을 체크하는 중간 확인과정을 만들었습니다. 학부모의 니즈를 미리 해결하기 위해 문자에 예상하원 시간과 셔틀버스 시간, 잔류 이유를 포함하여 발송했습니다. 그리고 상담 전화와 가정통신문을 통해 앞으로 문자 발송을 통해 학생의 하원관리를 더욱 세세하게 할 것임을 고지했습니다. 그 결과, 등하원시간에 집중되던 전화 문의율이 73% 감소하여 업무 효율성을 향상할 수 있었습니다.이러한 경험을 통해 고객 우선 사고를 중심으로 업무를 수행할 때, 내부적으로도 높은 효율성을 달성하는 동시에 고객의 만족도도 향상되는 결과를 얻을 수 있다는 것을 배웠습니다.[메뉴 위치 재배치와 판매전략으로 판매량 200% 증가]치킨프랜차이즈에서 아르바이트할 때, 주인의식을 갖고 재고관리의 어려움이 있던 치즈의 폐기율을 80% 줄인 경험이 있습니다. 당시 유통기한이 2주로 짧고, 소진되는 양이 적어 치즈의 절반은 버리게 되는 상황이었습니다. 방안을 모색하기 위해 인근 경쟁 치킨업체와 배달 애플리케이션 속 랭킹이 높은 업체를 분석했습니다. ‘추천 메뉴’ 혹은 ‘best메뉴’라고 적힌 상품을 배달 애플리케이션 상위권에 노출되도록 배치하면 주문 수도 비례적으로 증가한다는 것을 깨닫고 벤치마킹을 시도했습니다.먼저 치즈가 들어간 메뉴인 ""칠리치즈치킨""을 맨 앞으로 배치하였고, ""사장 pick!""이라는 문구를 삽입하여 눈길을 끌 수 있는 포인트를 만들었습니다. 벽에도 해당 메뉴를 홍보하는 포스터를 제작하여 붙였습니다. 또한, 직원 식사용으로 할당된 제품을 시식용 상품으로 만들고, 고객에게 평가를 부탁했습니다. 그 과정에서 고객들이 치즈의 양이 더 많았으면 좋겠다는 피드백을 받았습니다. 치즈의 소비량도 증가시키고, 고객 의견을 반영하기 위해 닭이 안보일정도로 치즈를 빼곡하게 뿌려 판매했습니다. 이는 곧 학생들 사이에서 입소문이 퍼져 인기메뉴가 되었습니다. 여러 전략을 실행한 끝에 칠리치즈치킨의 판매량이 200% 증가하였고, 치즈의 소비량도 자연스레 늘어 재고 리스크를 줄일 수 있었습니다.이러한 경험을 통해, 상품에 알맞은 전략을 고민하고 다양한 시도를 하는 것이 중요하다는 것을 배웠습니다. 또한, 스스로 몰입하여 문제를 해결한 경험은 다른 어려운 일이 있어도 도전할 수 있는 밑거름이 되었습니다.",아프리카TV,경영 및 전략기획,2024 상반기,건국대,영어영문학,학점 3.67/4.5,토익: 880,사회생활 경험: 공공기관 인턴,"학점 3.67/4.5 한국사검정시험: 고급, 컴퓨터활용능력: 1급"
1. 인크로스 또는 해당 직무에 지원한 동기에 대해서 작성해주세요. (500자),"재무 데이터 분석 및 인사이트 도출 능력으로 인크로스의 CF분석에 기여할 수 있다고 생각되어 지원하게 됐습니다. 인크로스는 미디어렙사로서 수수료 이슈 관리와 다양한 포트폴리오를 구성하는 것이 중요하다고 생각됩니다. 또한, 재무직무는 산업을 넓게 보며 세세한 수치를 조정하는 역량을 통해 시너지를 만들 수 있다고 생각합니다. 재무적 지식과 실무 경험을 쌓기 위해 직무부트 캠프에 참가했습니다. 스타트업 회사의 손익계산서와 현금흐름표를 직접 만들고 분석하며 미시적인 숫자 조정 능력을 향상시켰습니다. 50%로 과도하게 측정되어 있던 마케팅비를 ‘광고매출-광고선전비’가 6월 이후 이익이 발생하도록 조정하여 35%로 줄였습니다. 또한, 마케팅비를 줄이는 대신 소비자 페이백 비율을 높여 마케팅 효과를 만들어 전체 매출대비 마케팅비용을 감소시킬 수 있었습니다. 수치조정과 같은 합리적 근거를 내세우며 매출과 비용을 조정하며 전사적 입장에서 어떻게 투자·비용 계획을 세우는지 로직을 파악했습니다.",인크로스,재무,2024 상반기,건동홍,영어영문,학점 3.67/4.5,"토익: 880, 토익스피킹: 160",사회생활 경험: 공기업 인턴,학점 3.67/4.5 컴퓨터활용능력: 1급
2. 자신만의 차별화된 강점과 해당 강점을 발휘하여 성취한 경험에 대해 작성해주세요. (700자),"[팬데믹 속 끝없는 도전]제 강점인 포기하지 않는 근성으로 금융 공공기관에서 인턴 할 때 2달간 밀린 업무를 한 달 만에 처리했던 경험이 있습니다. 처음 인턴 입사 시, 코로나19 감염으로 인해 지점 내 인력이 부족하여 업무를 배우지 못했습니다. 절반이 넘는 인원이 자가격리로 인해 자리를 비운 상태였기 때문입니다. 하지만 어려운 상황에서 자리만 차지하고 있는 것은 인턴으로서의 역할을 하지 못한다고 생각했고, 도움이 되고 싶었습니다. 우선, 안내 책자와 제규정을 정독하고 지점장님께 서류에 접근하기 위해 필요한 권한을 신청하여 업무 범위를 확장했습니다. 그 후 최근 진행된 보증 서류철을 30개 넘게 검토하며 필요한 서류는 무엇인지, 어떤 형식으로 받아야 하는지 파악했습니다. 이 외에 업무 툴을 다루는 방법이나 모르는 사항은 정리해서 상사에게 한 번에 여쭤봤습니다. 최대한 스스로 학습한 후 제가 알고 있는 내용이 맞는 것인지 검토받았습니다.이러한 노력 끝에 업무를 파악하고 배워 두 달간 밀린 보증서 연장건을 한 달 만에 처리할 수 있었습니다. 선배님들을 따라 하며 익힌 전화예절과 서류 스크래핑으로 빠르게 정보를 수집하여 인턴 기간 동안 총 158개 기업의 보증서를 연장했습니다. 생각만 하는 사람은 행동하는 사람을 이길 수 없다는 것을 다시 한번 느끼게 되었고, 포기하지 않는 근성을 발휘하여 조직의 목표달성에 기여할 수 있었습니다.",인크로스,재무,2024 상반기,건동홍,영어영문,학점 3.67/4.5,"토익: 880, 토익스피킹: 160",사회생활 경험: 공기업 인턴,학점 3.67/4.5 컴퓨터활용능력: 1급
"3. 단체의 일원으로서 협업을 진행한 경험과 본인의 역할, 기여도에 대해 구체적으로 작성해주세요. (700자)","[미숙한 중국어 사용으로 협업]중국어 미숙으로 발생한 소통 어려움을 극복하며 협업의 가치를 체감한 경험이 있습니다. 팀 과제에서 제 역할은 모든 팀원의 자료를 통합하여 보고서를 작성하는 것이었고, 중국인 유학생은 자료 조사를 맡았습니다. 그러나 제공된 자료는 부족했습니다. 팀 과제이기에 함께 하는 것이 의미가 있다는 생각과 학우가 다른 수업에서는 더 잘했으면 하는 마음으로 같이 완성하기로 목표를 잡았습니다.먼저 중국인 유학생과 팀프로젝트 경험이 있는 친구들에게 어떻게 과제를 진행했는지 묻고, 참여도를 높일 방법을 고민했습니다. 영어보다 중국어를 사용하면 호의를 얻을 수 있다는 조언에 따라 중국어 기본 회화 애플리케이션을 활용하여 기초 중국어를 학습했습니다. 미숙하지만 번역기와 함께 사용하며 원활한 소통을 도모하여 작은 소통의 벽을 허물 수 있었습니다. 아이디어를 주고받는 등의 과정을 거쳐 2일 안에 자료 수집 및 보고서를 완성했습니다. 또한, 팀 내의 다양성을 활용하여 중국과 한국의 시각 차이를 강조하여 독특한 인사이트를 제공했습니다.이 결과로 교수님으로부터 보고서의 훌륭한 예시로 활용하겠다는 칭찬과 A+ 학점을 받았습니다. 이 경험을 통해 팀원 간의 상호 보완이 협업에서 얼마나 중요한지 깨닫게 되었고, 소통의 중요성 또한 체감할 수 있었습니다. 팀이란 서로 부족한 점을 채워주며 시너지가 발생한다는 것을 배웠습니다.",인크로스,재무,2024 상반기,건동홍,영어영문,학점 3.67/4.5,"토익: 880, 토익스피킹: 160",사회생활 경험: 공기업 인턴,학점 3.67/4.5 컴퓨터활용능력: 1급
"1. 본인을 사물에 빗대어 창의적으로 소개하고, 사물명과 이유를 구체적으로 기재하세요. (350자)","[변] 저는 '변'같은 사람입니다. 냄새나고 더럽지만 우리는 변을 통해 신체의 상태를 점검하고 우리 몸을 건강하게 하는 것처럼, 저는 그런 사람입니다. 교내 체육회장으로서 1년간 역임하며 직접 앞에 나서기보단 뒤에서 부원들이 각자의 역할에서 최고의 역량을 뽐내도록 도왔습니다. 가장 먼저 학교로 와 운동장 상태를 점검하고 홍보팀원들을 위해 동문 축구선수를 전주까지 찾아가 홍보영상을 촬영했습니다. 결과적으로 성공적인 임기를 보낼 수 있었습니다. 조금은 궂은일이더라도 기꺼이 말보단 행동으로 보여주는 저는 변 같은 사람입니다. 거름이 되어 환자들을 꽃피우며 최고의 실력에 온기를 더하는 과정에 함께 하고 싶습니다.",강북삼성병원,행정직,2024 상반기,경희대,지리학,학점 3.38/4.5,오픽: IH,,"학점 3.38/4.5 교내 자치회장, 서포터즈 2회, 행정인턴 1회 한국사검정시험: 고급, 컴퓨터활용능력: 2급, 기타: 워드 1급, 1종 대형, 축구심판 5급, 실용글쓰기 3급"
2. 전공 과목 외에 수강한 과목 중 가장 기억에 남는 과목에 대해 이야기해주세요. (350자),"[생명의 통계] 통계 수업을 수강하며 연구 주제를 물색하던 중, 3대 응급환자 중 하나인 중증외상 환자의 절반 이상이 교통사고로 발생한다는 사실을 알게 되었습니다. 통계 프로그램 R을 활용하여 경기도 내 출퇴근 시간대 별 교통사고환자 발생 비율에 따른 효과적인 응급실 운영을 도입해 보고자 연구를 진행하였습니다. 연구를 통해 안타까웠던 점은 경기남부권 지역의 경우 수원, 안양지역 상급병원 개설빈도가 높아 빠른 환자들의 빠른 응급실 도착이 가능했지만 상대적으로 시설이 빈약한 경기 북부의 경우 그렇지 못했습니다. 거주의 차이로 발생하는 의료접근의 차별을 강북삼성병원과 함께 해결하고 싶습니다.",강북삼성병원,행정직,2024 상반기,경희대,지리학,학점 3.38/4.5,오픽: IH,,"학점 3.38/4.5 교내 자치회장, 서포터즈 2회, 행정인턴 1회 한국사검정시험: 고급, 컴퓨터활용능력: 2급, 기타: 워드 1급, 1종 대형, 축구심판 5급, 실용글쓰기 3급"
3. 본인이 생각하는 직장인으로서의 비전을 구체적으로 기재하고 그것을 강북삼성병원에서 어떻게 실현할 수 있는지 서술하세요. (350자),"[삶의 영역] 직장인으로서의 비전은 삶의 영역이 온전하게 보전되는 것입니다. 영업사원으로서 사람 만나기를 좋아하셨던 아버지께서는 오래전 십자인대 파열로 수술을 받으셨던 적이 있었습니다. 아버지가 걱정하시던 일은 단순한 건강이 아닌, 혹여나 본인이 앞으로 행하지 못할 고객과의 '약속'에 대한 걱정이셨습니다. 다행히 수술은 무사히 끝났고 아버지는 여전히 즐겁게 일을 하고 계십니다. 병원이란 치료를 통해 사람의 생명을 살리는 차원을 넘어 그 사람의 삶의 가치를 '보전'하는 것이라 생각합니다. 강북삼성병원과 함께 환자들이 건강하게 회복하고 자신의 삶을 온전히 이뤄가는 과정에 함께 일조하고자 합니다.",강북삼성병원,행정직,2024 상반기,경희대,지리학,학점 3.38/4.5,오픽: IH,,"학점 3.38/4.5 교내 자치회장, 서포터즈 2회, 행정인턴 1회 한국사검정시험: 고급, 컴퓨터활용능력: 2급, 기타: 워드 1급, 1종 대형, 축구심판 5급, 실용글쓰기 3급"
1. 영업 직무에 필요한 핵심 역량과 이를 키우기 위한 노력,"[고객과 제품에 대한 깊은 이해: 영업 직무의 핵심 역량]영업 직무에서 가장 중요한 역량 중 하나는 바로 `고객과 제품에 대한 깊은 이해`입니다. 호주에서 워킹홀리데이를 보내는 동안, 저는 태양열 패널 영업을 맡게 되어 이를 직접 체험하게 되었습니다. 제가 처음 영업 활동을 시작할 때, 제품과 정부 보조금 지급 체계에 대한 이해 없이 대본만 외워서 고객에게 접근했습니다. 그 결과, 저는 고객을 실적 추구의 수단으로만 보았고, 그로 인해 아무런 성과도 이루지 못했습니다.하지만 저는 이러한 실패를 극복하고자 했습니다. 제 개인적인 시간을 투자하여 제품 설명서와 최신 기사 등을 통해 제품과 정부 보조금 지급 체계에 대한 이해를 높였습니다. 고객이 방문 판매원을 만날 때의 심리를 이해하려 노력하며, 일상적인 이야기부터 시작해서 고객과의 관계를 부드럽게 만드는 방법을 동료들과 연습했습니다. 또한, 첫 만남에서도 고객의 집 구조, 가족 구성원 수 등 여러 요소를 파악하여 최적의 태양열 패널 솔루션을 제안할 수 있도록 상황을 가정하고 질문 응답과 스피치 연습을 반복했습니다.이런 노력과 준비 덕분에, 저는 고객들과 편안한 분위기에서 대화를 나누며 그들의 신뢰를 얻을 수 있었고, 팀 내에서 실적 3위를 기록하는 성과를 이뤄냈습니다. 이 경험을 통해, 고객을 소중한 가족이나 친구로 대해야 한다는 것, 그리고 영업은 사람과 사람 사이의 관계에서 이루어지는 것이므로 고객의 상황과 마음을 이해하고, 제품에 대한 전문성을 갖추어 설명하는 역량이 중요하다는 것을 깨달았습니다. 영업이 단순히 제품을 팔아내는 것이 아니라, 고객과의 신뢰 관계를 구축하고 그들의 필요에 부응하는 최적의 솔루션을 제공하는 일임을 배웠습니다.",한유 SK ETS,글로벌비즈니스팀/BI사업부,2024 상반기,전남대,경영,학점 4.3/4.5,"토익: 945, 오픽: AL","사회생활 경험: 미국 인턴, 국내 현장실습, 호주 거주 2년","학점 4.3/4.5 마케팅 대외활동 2회, 개발동아리, 봉사 70시간, 성적장학금 기타: SQLD, GTQ, 운전면허"
2. 성격의 장단점,"[장점: 책임감과 계획성]현장실습에서 메타버스 기반 대학 정시 박람회 프로젝트를 성공적으로 총괄하며 강한 책임감과 꼼꼼함을 발휘했습니다. 프로젝트 전체를 관리하는 데 있어, 시간 약속 준수와 업무의 효율성을 우선시하였습니다. 매일 20분 일찍 출근하여 일정을 10분 단위로 세분화하며, `해야 할 사항`, `완료한 사항`, 그리고 `미처 처리하지 못한 사항`으로 작업을 구분하고 철저히 관리하였습니다. 철저하게 시간 약속을 지킨 덕분에 대학 관계자들의 신뢰를 얻을 수 있었고, 대학별 요구사항 조율에도 큰 도움이 되었습니다. 결과적으로 예정보다 하루 앞서 메타버스 맵을 완성하고, 관계자들과 충분한 실전 연습을 통해 박람회를 성공적으로 마칠 수 있었습니다.[단점: 강한 목표지향적 성향]강한 목표지향적인 성향을 가지고 있어, 때로는 과욕이 될 때도 있었습니다. CJ 리모트 인턴십에서 자전거 교통사고 해결책 모색 프로젝트를 수행하면서 가능한 많은 공공 데이터를 분석해 보다 정교한 결론 도출을 목표로 하였습니다. 하지만 프로젝트의 주제와 부합하지 않는 결과만 도출되며 프로젝트의 진행을 방해했습니다. 결국 핵심 데이터만 분석하며 원하는 결과를 도출할 수 있었습니다. 이 경험을 통해 과도한 목표 지향성이 때로는 문제를 야기할 수 있음을 깨달았고, 현실적인 상황을 고려해 목표를 설정하는 법을 배울 수 있었습니다.",한유 SK ETS,글로벌비즈니스팀/BI사업부,2024 상반기,전남대,경영,학점 4.3/4.5,"토익: 945, 오픽: AL","사회생활 경험: 미국 인턴, 국내 현장실습, 호주 거주 2년","학점 4.3/4.5 마케팅 대외활동 2회, 개발동아리, 봉사 70시간, 성적장학금 기타: SQLD, GTQ, 운전면허"
3. 직무와 관련하여 성과를 창출한 경험,"[목표를 넘어선 성과의 비결: 성실함과 자신감]미국 법률 사무소에서 변호사 보증 협약 의원 영업 보조 업무를 수행했습니다. 처음에는 이 제도에 대한 이해가 부족하여, 여러 의원에게 콜드콜을 진행하면서 회사의 우수성을 충분히 보여주지 못했습니다. 이에 따라 거절을 연속적으로 경험하게 되었지만, 이런 상황은 오히려 저의 도전 의식을 불태웠습니다.`20곳의 의원으로부터 긍정적인 반응을 받자`라는 목표를 세운 후, 개인 시간까지 투자하여 철저한 시장 조사와 미국의 제도 학습에 매진하였습니다. 의원들이 위치한 사우스캐롤라이나주에서 회사의 고객 증가 추세, 교통사고 케이스에서 100%의 승소율, 그리고 신속한 병원비 지급이라는 회사의 경쟁력 있는 서비스 포인트 등을 파악하고, 이를 의원들에게 전략적으로 제시할 수 있었습니다.이러한 정보를 충분히 이해하고 나니, 콜드콜을 보다 자신감 있게 진행할 수 있었고, 기존 목표치를 20% 초과하는 성과를 이뤄냈습니다. 이 경험을 통해, 영업의 핵심인 새로운 지식을 습득하는 성실함과 자신감 있는 태도를 습득할 수 있었습니다. 또한, 실패를 두려워하지 않고, 실패를 통해 발전하는 자세와 준비된 마음가짐이 중요하다는 것을 알게 되었습니다. 마지막으로, 고객과 자신감 있게 소통할 때만 회사가 전하고자 하는 진정한 가치를 전달할 수 있음을 깨달았습니다.",한유 SK ETS,글로벌비즈니스팀/BI사업부,2024 상반기,전남대,경영,학점 4.3/4.5,"토익: 945, 오픽: AL","사회생활 경험: 미국 인턴, 국내 현장실습, 호주 거주 2년","학점 4.3/4.5 마케팅 대외활동 2회, 개발동아리, 봉사 70시간, 성적장학금 기타: SQLD, GTQ, 운전면허"
1. 한국후지필름에 지원한 동기를 기술해주시기 바랍니다. (500자),"[의원 영업에서 느낀 영업의 즐거움: 한국후지필름으로 새로운 시작]미국 로펌에서 의원 영업을 한 경험이 있습니다. 변호사 보증 협약을 위하여 지역 내의 여러 병원과 계약하기 위한 업무를 보조하였습니다. 이를 위해, 회사의 교통사고 케이스 승소율 100%인 점, 병원비 지급이 그래서 빠른 점 등을 숙지하였습니다. 이렇게 정보를 수집한 뒤, 콜드콜을 하여 회사의 강점을 자신 있게 강조한 덕분에 약 20곳에서 계약과 관련해 긍정적인 답변을 받을 수 있었습니다. 이후, 노력한 만큼 성과가 눈에 보이는 영업직에 흥미를 느꼈으며 특히, 여러 문화권의 사람들과 일할 수 있는 해외 영업에 관심을 갖게 되었습니다. 또한, 도쿄 여행 중 방문한 후지필름 전시회를 방문하며, 기술 위주의 현대 사회 속에서도 인본주의적 메시지를 일관되게 전달하는 후지필름의 미션에 깊은 인상을 받았습니다. 그래서 한국후지필름에서도 자신감 있고 전략적으로 해외 영업직을 수행하고 싶다는 목표를 갖게 되었습니다.",한국후지필름,해외영업,2024 상반기,전남대,경영,학점 4.3/4.5,"토익: 945, 오픽: AL","사회생활 경험: 미국 인턴(영업), 국내 현장실습(영업, 마케팅), 호주 거주 2년(영업직 경험 有)","학점 4.3/4.5 CJ 대외활동, 마케팅 대외활동, 성적장학금, 개발동아리, 봉사 70시간 기타: SQLD, GTQ, 운전면허"
2. 본인 성격의 장단점을 기술해주시기 바랍니다. (700자),"[장점: 책임감과 계획성]현장실습에서 메타버스 기반 대학 정시 박람회 프로젝트를 성공적으로 총괄하며 강한 책임감과 꼼꼼함을 발휘했습니다. 프로젝트 전체를 관리하는 데 있어, 시간 약속 준수와 업무의 효율성을 우선시하였습니다. 매일 20분 일찍 출근하여 일정을 10분 단위로 세분화하며, '해야 할 사항', '완료한 사항', 그리고 '미처 처리하지 못한 사항'으로 작업을 구분하고 철저히 관리하였습니다. 철저하게 시간 약속을 지킨 덕분에 대학 관계자들의 신뢰를 얻을 수 있었고, 대학별 요구사항 조율에도 큰 도움이 되었습니다. 결과적으로 예정보다 하루 앞서 메타버스 맵을 완성하고, 관계자들과 충분한 실전 연습을 통해 박람회를 성공적으로 마칠 수 있었습니다.[단점: 강한 목표지향적 성향]강한 목표지향적인 성향을 가지고 있어, 때로는 과욕이 될 때도 있었습니다. CJ 리모트 인턴십에서 자전거 교통사고 해결책 모색 프로젝트를 수행하면서 가능한 많은 공공 데이터를 분석해 보다 정교한 결론 도출을 목표로 하였습니다. 하지만 프로젝트의 주제와 부합하지 않는 결과만 도출되며 프로젝트의 진행을 방해했습니다. 결국 핵심 데이터만 분석하며 원하는 결과를 도출할 수 있었습니다. 이 경험을 통해 과도한 목표 지향성이 때로는 문제를 야기할 수 있음을 깨달았고, 현실적인 상황을 고려해 목표를 설정하는 법을 배울 수 있었습니다.",한국후지필름,해외영업,2024 상반기,전남대,경영,학점 4.3/4.5,"토익: 945, 오픽: AL","사회생활 경험: 미국 인턴(영업), 국내 현장실습(영업, 마케팅), 호주 거주 2년(영업직 경험 有)","학점 4.3/4.5 CJ 대외활동, 마케팅 대외활동, 성적장학금, 개발동아리, 봉사 70시간 기타: SQLD, GTQ, 운전면허"
3. 위기를 극복한 경험에 대해 기술해주시기 바랍니다. (700자),"[대본을 넘어, 고객을 만나다: 호주 태양열 발전 패널 영업]호주에서 가정집을 직접 방문하여 태양열 발전 패널 설치 영업이라는 낯선 업무에 도전하게 되었습니다. 처음에는 제품 설명 대본을 외우고 그대로 전달하여 영업을 진행했지만, 이러한 방식은 고객들에게 반감만 샀습니다. 결과적으로 보름 동안 단 한 건의 실적도 올리지 못했습니다.하지만 저는 이런 상황에 좌절하지 않고 빠르게 문제해결 방법을 찾았습니다. 수퍼바이저와 동료들에게 도움을 청하고, 실전과 같은 상황에서 영업 롤플레이를 하며 저의 문제점을 파악하고 해결책을 찾았습니다. 그래서 대본에 의존한 접근법 대신 '아이스 브레이킹'을 통해 일상 대화를 나누며 고객과의 친밀한 관계를 형성하는 연습을 진행했습니다. 또한, 고객의 주거 환경이나 가족 구성원에 적합한 제품을 추천할 수 있을 만큼 제품의 종류를 철저히 숙지하였습니다.이런 노력 덕분에 처음 만나는 고객에게도 웃음으로 인사를 건네고, 자신감 있고 친근한 태도로 제품을 설명할 수 있게 되었습니다. 그 결과, 팀 내 실적 3위까지 달성할 수 있었습니다.이 과정에서 배운 가장 중요한 교훈은, 개개인에 대한 진정성 있는 관심이 신뢰를 쌓고 결국 판매로 이어진다는 것이었습니다. 고객에게 진심으로 관심을 보이자, 그들 역시 제품에 관심을 갖게 되었습니다. 이를 통해 진정성 있는 커뮤니케이션의 힘을 체감할 수 있었습니다.",한국후지필름,해외영업,2024 상반기,전남대,경영,학점 4.3/4.5,"토익: 945, 오픽: AL","사회생활 경험: 미국 인턴(영업), 국내 현장실습(영업, 마케팅), 호주 거주 2년(영업직 경험 有)","학점 4.3/4.5 CJ 대외활동, 마케팅 대외활동, 성적장학금, 개발동아리, 봉사 70시간 기타: SQLD, GTQ, 운전면허"
4. 지원한 직무와 관련하여 본인이 노력한 경험 사례를 기술해주시기 바랍니다. (700자),"[목표를 넘어선 성과의 비결: 성실함과 자신감]미국 법률 사무소에서 변호사 보증 협약 의원 영업 보조 업무를 수행했습니다. 처음에는 이 제도에 대한 이해가 부족하여, 여러 의원에게 콜드콜을 진행하면서 회사의 우수성을 충분히 보여주지 못했습니다. 이에 따라 거절을 연속적으로 경험하게 되었지만, 이런 상황은 오히려 저의 도전 의식을 불태웠습니다.'20곳의 의원으로부터 긍정적인 반응을 받자'라는 목표를 세운 후, 개인 시간까지 투자하여 철저한 시장 조사와 미국의 제도 학습에 매진하였습니다. 의원들이 위치한 사우스캐롤라이나주에서 회사의 고객 증가 추세, 교통사고 케이스에서 100%의 승소율, 그리고 신속한 병원비 지급이라는 회사의 경쟁력 있는 서비스 포인트 등을 파악하고, 이를 의원들에게 전략적으로 제시할 수 있었습니다.이러한 정보를 충분히 이해하고 나니, 콜드콜을 보다 자신감 있게 진행할 수 있었고, 기존 목표치를 20% 초과하는 성과를 이뤄냈습니다. 이 경험을 통해, 영업의 핵심인 새로운 지식을 습득하는 성실함과 자신감 있는 태도를 습득할 수 있었습니다. 또한, 실패를 두려워하지 않고, 실패를 통해 발전하는 자세와 준비된 마음가짐이 중요하다는 것을 알게 되었습니다. 마지막으로, 고객과 자신감 있게 소통할 때만 회사가 전하고자 하는 진정한 가치를 전달할 수 있음을 깨달았습니다.",한국후지필름,해외영업,2024 상반기,전남대,경영,학점 4.3/4.5,"토익: 945, 오픽: AL","사회생활 경험: 미국 인턴(영업), 국내 현장실습(영업, 마케팅), 호주 거주 2년(영업직 경험 有)","학점 4.3/4.5 CJ 대외활동, 마케팅 대외활동, 성적장학금, 개발동아리, 봉사 70시간 기타: SQLD, GTQ, 운전면허"
"1. 최근에 본인이 가장 열정적으로 임했던 경험 1가지에 대해 다음 내용이 포함되도록 작성해 주세요. (당시 어려웠던 점, 본인 행동, 열정의 동기, 느낀점) (최대 500자 입력가능) "," [목표 초과 달성의 비결: 성실함과 자신감]미국의 법률 사무소에서 변호사 보증 협약 의원 영업을 보조하였습니다. 이 제도에 대한 이해가 부족하여 콜드콜을 진행하는 동안 회사의 조건을 적극적으로 어필하지 못했고, 여러 차례 거절을 경험하였습니다.그런데도 '20곳의 의원에게 긍정적인 응답 받기'라는 목표를 넘어서고 싶었습니다. 이를 위해 개인 시간까지 할애하여 제도를 학습하며 전략적인 접근 방법을 마련하였습니다. 구체적으로는, 병원 주변에서 고객이 증가하고 있는 상황, 교통사고 케이스에서 승소율이 100%임을 강조하는 것이었습니다.그 덕분에 자신감이 크게 상승하여 기존 목표를 20% 초과하여 달성할 수 있었으며, 영업의 핵심은 새로운 지식을 습득하는 성실함과 자신감 있는 태도라는 것을 깨달았습니다. 또한, 실패를 두려워하지 않고, 실패를 통해 발전하려는 자세와 준비된 마음가짐이 필요하며, 고객과 자신감 있게 소통할 때만 진정한 가치를 전달할 수 있음을 알게 되었습니다.",JW그룹,ETC영업원,2024 상반기,전남대,경영,학점 4.3/4.5,"토익: 945, 오픽: AL","사회생활 경험: 미국 인턴 2개월, 국내 현장실습 6개월, 영어권 거주 2년","학점 4.3/4.5 CJ리모트 인턴십, 성적장학금, 개발동아리, 마케팅 대외활동, 봉사 70시간 기타: SQLD, GTQ2급, 운전면허"
"2. 조직 생활과 지원 직무 수행을 위한 본인의 강점에 대해 작성해 주세요. (최대 500자 입력가능) – 시간관리능력, 높은 회복탄력성","[시간 관리 및 신뢰 구축 능력]현장실습 중, 메타버스 기반 대학 정시 박람회 프로젝트를 총괄하게 되었습니다. 전체 프로젝트를 책임지는 것은 큰 도전이었지만, 박람회 일정 준수를 최우선으로 하였습니다.이를 위해 20분 일찍 출근하여 하루 일정을 10분 단위로 세밀하게 계획하였습니다. 또한, '해야 할 사항', '완료한 사항', '처리하지 못한 사항'의 3가지 카테고리로 일정을 관리하고, 이를 수시로 검토하였습니다. 이러한 방식으로 업무를 제시간에 완료했고, 혹여 지연되는 부분은 미리 양해를 구하는 등 시간 약속을 철저히 지키도록 노력하였습니다.이런 노력 덕분에 대학 관계자들로부터 신뢰를 얻을 수 있었고, 대학별 메타버스 맵 관련 요청 사항을 원활하게 조율할 수 있었습니다. 결과적으로, 계획한 날짜보다 하루 빠르게 메타버스 맵을 완성하였고, 대학 관계자들과 박람회 운영 실전 연습을 통해 문제없이 박람회를 운영할 수 있었습니다.",JW그룹,ETC영업원,2024 상반기,전남대,경영,학점 4.3/4.5,"토익: 945, 오픽: AL","사회생활 경험: 미국 인턴 2개월, 국내 현장실습 6개월, 영어권 거주 2년","학점 4.3/4.5 CJ리모트 인턴십, 성적장학금, 개발동아리, 마케팅 대외활동, 봉사 70시간 기타: SQLD, GTQ2급, 운전면허"
3. JW에 입사하고자 하는 이유는 무엇이고 입사 후 기대하는 본인의 역할에 대해 작성해 주세요. (최대 500자 입력가능),"[JW에 대한 신뢰]사용자로서 느낀 JW의 탁월한 제품 품질과 고객 중심적 경영 철학을 함께 실현하고 싶기 때문입니다. 10년 동안 '프렌즈 아이드롭'을 사용하며, 제품의 다양성과 효능을 직접 느끼고, JW에 대한 깊은 신뢰를 갖게 되었습니다. 입사 후, 이러한 사용자 경험과 저의 역량을 바탕으로 JW의 가치를 전하겠습니다.[전문성 향상과 고객 만족도 극대화]목표 실적을 20% 초과 달성하는 JW인이 되겠습니다. 이를 위해 약제 분야의 지식과 성분에 대한 이해, 의약 트렌드 파악 등 전문성을 계속해서 쌓아가겠습니다. 고객에게 정확한 정보 제공은 물론이며, 투여량 조절 등도 실수 없이 안내할 것입니다. 더 나아가 JW가 추구하는 ‘고객 최우선’ 원칙을 업무에 반영함으로써, 의료 지원금과 주변 상권 의료 서비스 수요 등의 정보도 제공하여 고객 만족도를 극대화하겠습니다. 이를 바탕으로 고객과의 신뢰 관계를 더욱 견고하게 하고, JW의 핵심 인재로 성장하겠습니다.",JW그룹,ETC영업원,2024 상반기,전남대,경영,학점 4.3/4.5,"토익: 945, 오픽: AL","사회생활 경험: 미국 인턴 2개월, 국내 현장실습 6개월, 영어권 거주 2년","학점 4.3/4.5 CJ리모트 인턴십, 성적장학금, 개발동아리, 마케팅 대외활동, 봉사 70시간 기타: SQLD, GTQ2급, 운전면허"
1. 성장과정,"[글로벌 시민으로서의 성장: 선한 영향력을 미치는 삶] ""선한 영향을 주며 살아가자""는 고등학생 시절부터 어떤 사람이 되고자 하는지에 대한 고민에서 도출된 결론입니다. 이 고민을 해결하기 위해, 다양한 경험을 통해 성장해 나갔습니다. 고등학교를 졸업한 후부터 부모님과 독립하여 삶을 스스로 책임지며, 여러 아르바이트를 통해 다양한 사람들과 소통하는 법을 배웠습니다. 그러나 이런 경험만으로는 무언가 부족함을 느꼈고, 19세에 호주로 떠나게 되었습니다.주 7일을 일하면서도 영어 공부에 매진한 덕분에, 호주에서는 유대계, 히스패닉, 이슬람 등 다양한 문화적 배경을 가진 사람들과 교류하며, 새로운 관점과 다양한 시각으로 세상을 바라볼 수 있는 기회를 얻었습니다. 그 과정은 쉽지 않았지만, 처음 만났음에도 이사를 도와준 우버 기사 등 많은 사람들의 선의 덕분에 2년 간의 외국 생활을 이어 나갈 수 있었습니다. 저 또한 이런 선의를 받으며 자연스럽게 일자리를 알선해 주었던 룸메이트와 병원에 동행해 준 동료 등 많은 사람의 도움 덕분에 2년 동안 외국 생활을 이어 나갈 수 있었습니다. 이들의 도움에 감사하며, 저 역시 다른 사람에게 도움이 되기 위해 기부와 봉사활동에 참여하였습니다. 이를 통해 선의는 선의를 낳고, 그것이 세상을 더 아름답고 살기 좋게 만든다는 것을 깨닫게 되었습니다. 2년간 해외 생활은 예측 불가능한 실패와 두려움이 가득한 도전이었습니다. 그러나 이 도전을 통해 저는 삶의 가치관을 확립하게 되었습니다. 또한, 영어 실력을 크게 향상했고, 다양한 사람들의 삶의 방향성을 인정하고 존중하는 글로벌 시대의 소양을 갖추게 되었습니다. 이 모든 경험을 바탕으로, 세상에 선한 영향력을 미치며, 끊임없이 배우고 성장하는 삶을 향해 나아가고 있습니다.",로지스올,SCM 영업 및 운영관리,2024 상반기,지거국,경영,학점 4.3/4.5,"토익: 945, 오픽: AL","사회생활 경험: 국내 현장실습 6개월, 미국 인턴 2개월, 영어권 거주 2년","학점 4.3/4.5 성적장학금, 대기업 주최 대외활동, 마케팅 대외활동 2번, 봉사 80시간 기타: 데이터 자격증, GTQ 2급, 운전면허"
2. 장단점 및 특기,"[진취적이고 창의적인 인재]제 장점은 진취적이고 창의적으로 문제를 해결하는 능력입니다.미국의 한 법무법인에서 인턴으로 활동하면서, 구글맵 API를 활용하여 새로운 업무 처리 방식을 제안하여 업무 효율을 향상했습니다.",로지스올,SCM 영업 및 운영관리,2024 상반기,지거국,경영,학점 4.3/4.5,"토익: 945, 오픽: AL","사회생활 경험: 국내 현장실습 6개월, 미국 인턴 2개월, 영어권 거주 2년","학점 4.3/4.5 성적장학금, 대기업 주최 대외활동, 마케팅 대외활동 2번, 봉사 80시간 기타: 데이터 자격증, GTQ 2급, 운전면허"
"사우스캐롤라이나주의 주요 도시에 위치한 병원 데이터베이스를 구축하는 일을 맡았습니다. 병원의 최신 정보를 수집하고, 구글맵 평점 3점 이상의 병원을 따로 표기하는 업무였습니다. 이 과정에서 수작업으로 정보를 기록하는 것이 비효율적이라고 판단하여, 구글맵 API를 활용해 정보를 한 번에 저장하는 방법을 제안했습니다. 챗지피티를 활용하여 평점 3.5 이상이며 후기가 30건 이상인 병원만 필터링하여 엑셀 파일로 저장하는 코드를 작성하였습니다. 이 덕분에 며칠이 걸릴 업무를 단 하루 만에 마칠 수 있었고, 이에 대해 직원분들로부터 같이 일하고 싶은 인재라고 칭찬해 주셨습니다.","한편으로는, 목표를 수행하기 위한 적극적인 태도 때문에 성격이 조금 급한 편입니다. 이를 극복하기 위해 우선순위를 정하고 일을 처리하는 습관을 기르고 있습니다. 리모트 인턴십에서 팀장을 맡으면서 전체 일정을 먼저 정리하고, 각 과제를 일정에 맞춰 수행하는 방식을 적용했습니다. 각 프로젝트의 우선순위를 설정하고 중요한 일부터 처리하였고, 이를 통해 모든 프로젝트를 성공적으로 완료할 수 있었습니다. 이 경험을 통해 급한 성격도 우선순위를 정하고 계획적으로 일을 처리하면 충분히 극복할 수 있다는 것을 배웠습니다. 앞으로도 이런 방식을 실천하고 합니다.",로지스올,SCM 영업 및 운영관리,2024 상반기,지거국,경영,학점 4.3/4.5,"토익: 945, 오픽: AL","사회생활 경험: 국내 현장실습 6개월, 미국 인턴 2개월, 영어권 거주 2년","학점 4.3/4.5 성적장학금, 대기업 주최 대외활동, 마케팅 대외활동 2번, 봉사 80시간 기타: 데이터 자격증, GTQ 2급, 운전면허"
3. 지원동기,"[변화와 혁신을 선도하는 로지스올에서 SCM 전문가로서의 도전]호주에서의 식품 직구 사업을 운영하며, 고객의 만족도가 제품의 품질만 아니라 배송의 정확성과 신속성에도 크게 의존한다는 것을 체감하였습니다. 또한, 코로나19로 인한 공급망의 붕괴로 물류의 중요성이 더욱 강조되었고, 이러한 경험은 저를 물류 업계로 이끌었습니다.공급망을 관리하며, SCM 전문가의 역할이 손실을 최소화하고 문제에 대한 돌파구를 찾는 데 결정적이라는 것을 확인하였습니다. 이 경험을 바탕으로, 예상치 못한 상황에도 유연하게 대응할 수 있는 SCM 전문가로 성장하고자 하는 목표를 설정하게 되었습니다. 물류산업 채용 박람회에서 로지스올의 물류 기술 연구와 표준화 노력을 접하게 되어 높은 관심을 갖게 되었습니다.또한, 호칭 통일 등을 통해 구축한 수평적이고 상호 존중하는 로지스올의 조직문화는 저에게 큰 매력을 줬습니다. 어떤 일이든 혼자서는 해결할 수 없기에, 구성원들이 서로 존중하며 협력하는 것이 개인과 회사의 발전에 가장 중요한 역할을 한다고 생각합니다. 이런 선순환적 성장을 이끄는 로지스올에서, 다른 프로님들과 함께 성장하고 싶습니다.물류의 변화와 혁신을 선도하는 기업인 로지스올에서, 물류의 미래를 함께 만들어 가는 데 기여하고 싶습니다. 그리고 로지스올에서 SCM 영업 및 운영 관리 분야에서 최선을 다하며, 회사의 성장과 발전에 이바지하는 프로가 되기 위해 끊임없이 노력하겠습니다.",로지스올,SCM 영업 및 운영관리,2024 상반기,지거국,경영,학점 4.3/4.5,"토익: 945, 오픽: AL","사회생활 경험: 국내 현장실습 6개월, 미국 인턴 2개월, 영어권 거주 2년","학점 4.3/4.5 성적장학금, 대기업 주최 대외활동, 마케팅 대외활동 2번, 봉사 80시간 기타: 데이터 자격증, GTQ 2급, 운전면허"
4. 장래희망 및 포부,"[글로벌 식자재 SCM 전문가로의 꿈]로지스올에 입사하여, 글로벌 식자재 SCM 전문가로 성장하겠습니다.수습 기간 동안 업무를 숙지하기 위해 영업 제안서 작성, 기존 엑셀 자료를 바탕으로 한 재고 관리 방법, 물류기기 회수 방법 등을 꼼꼼히 학습하겠습니다. 또한, 회사의 핵심 자원인 파렛트, 컨테이너 등의 규격과 재질에 대해 완벽히 숙지하겠습니다.기초적인 업무와 제품 정보를 숙지한 후, 선배 프로님들께서 전해주신 노하우와 협상 역량을 활용하여서 한 해 동안 억 단위의 매출을 달성하는 것이 목표입니다. 이를 위해, 고객의 상품과 관련된 사항을 꾸준히 파악하고, 자연재해가 발생했을 때 손실을 최소화할 수 있도록 추가적인 물류 장비 지원을 제안하겠습니다. 사내 장비와 기존 고객이 보유한 자원, 그리고 각 식자재의 특성을 고려하여 최적의 효율을 계산한 뒤, 기존의 계약 조건을 넘어서는 향상된 솔루션을 제공하여 매출을 끌어올리는 것에 힘쓰겠습니다.또한, 신규 고객 창출을 위해 물류 부자재 판매나 물류기기 대여 영업을 적극적으로 수행하겠습니다. 식품 업계 관련 기사와 소식을 매일 아침 파악하여 수요가 증가할 것 같은 품목이 있다면 경쟁사들보다 먼저 관련 업체에 컨택하겠습니다. 또한, 지역 사회의 농수산물, 가공식품 생산 업체들을 위한 수출 협력업체 입찰 등을 빠르게 파악하여 주도적으로 영업하겠습니다. 이런 적극적인 태도와 열정으로 꼭 목표를 달성하겠습니다.마지막으로, 언제나 초심을 잃지 않고 책임감 있는 전문가로서 로지스올의 발전에 이바지하겠습니다",로지스올,SCM 영업 및 운영관리,2024 상반기,지거국,경영,학점 4.3/4.5,"토익: 945, 오픽: AL","사회생활 경험: 국내 현장실습 6개월, 미국 인턴 2개월, 영어권 거주 2년","학점 4.3/4.5 성적장학금, 대기업 주최 대외활동, 마케팅 대외활동 2번, 봉사 80시간 기타: 데이터 자격증, GTQ 2급, 운전면허"
1. 본인과 다른 의견을 가진 사람들과 효과적으로 소통하여 긍정적인 결과를 얻었거나 공동의 목표를 달성한 사례를 기술해 주십시오.(소통과정에서 본인의 역할과 노력과정을 포함하여 작성할 것) (최대 400자 입력가능),"[팀원과 소통의 연결고리] 대학 시절 유통관리 수업을 통해 팀과제를 수행하였습니다. 팀 내에서 저는 OO기업의 성공 요인과 경쟁사와 비교하여 낮은 원가구조를 조사하는 역할을 맡게 되었고, 팀원들과 역할을 분담한 후 논문자료와 뉴스 기사를 통해 발표 자료를 수집했습니다. 또한, 팀원들과 협력하여 OO기업이 경쟁사와 비교하여 높은 가격 경쟁력을 유지할 수 있는 비즈니스 모델에 대해 분석해 본 결과, OO기업은 원가를 절감하여 원가절감분을 반영한 저렴한 상품으로 소비자에게 제공했기 때문에 높은 가격 경쟁력을 가질 수 있었다고 판단했습니다.  그리하여 OO기업 상품의 원가구조를 설명하는 8개의 팀 중 가장 높은 발표점수를 받을 수 있었던 계기는 업무 분담으로 일궈낸 팀원과의 소통과 협력이었다고 생각합니다.",한국교육과정평가원,행정원,2024 상반기,지거국,경영학부,학점 3.65/4.5,토익: 870,,"학점 3.65/4.5 한국사검정시험: 고급, 컴퓨터활용능력: 1급, 기타: 재경관리사"
"2. 본인이 살아오면서 해결한 가장 어려운 과제 혹은 업무는 무엇이며, 해당 경험이 한국교육과정평가원의 직무를 수행하는데 있어서 어떠한 영향을 미칠 수 있는지 기술해 주십시오. (최대 400자 입력가능)","[회사적응 및 팀의 활력소] 저는 OO공공기관에서 비계약 접수 업무를 담당하였습니다. 처음 업무를 배울 때 잦은 실수로 인해 실무부서와의 마찰이 있었고 고객들의 다양한 요청에 적절하게 대응을 못했습니다. 그 후, 차츰차츰 업무에 적응해가며 많은 유형의 고객을 접하였고 야근하는 날에는 틈틈이 업무처리 관련 매뉴얼을 숙지하는 노력으로 부족한 실무능력을 보완하였습니다.  그리하여 실무부서와의 마찰을 많이 줄었으며 열린 마음으로 민원 업무를 하면서 고객과의 소통으로 고객이 필요로 하는 것을 먼저 파악하여 도와드리는 고객지향적인 역량을 키웠습니다.  한국교육과정평가원에 입사 후, 행정업무를 수행할 때 항상 열린 마음으로 고객과 소통하고 공공기관의 직원으로서 청렴한 자세로 정직하게 업무를 수행하겠습니다.",한국교육과정평가원,행정원,2024 상반기,지거국,경영학부,학점 3.65/4.5,토익: 870,,"학점 3.65/4.5 한국사검정시험: 고급, 컴퓨터활용능력: 1급, 기타: 재경관리사"
"3. 본인이 생각하는 한국교육과정평가원의 가장 중요한 최근 이슈가 무엇인지 기술하고, 이에 대한 해결 방안이나, 발전 방향 제언 등 본인의 의견을 기술해 주십시오.(모집분야와 관련된 이슈를 작성할 것) (최대 400자 입력가능)","[변별력과 경쟁력을 강화한 수능] 저는 수능 개편 연구가 가장 중요한 이슈라고 생각합니다. 한국교육과정평가원은 이번 수능 개편 연구를 통해 학점제용으로 대입에서 수능을 대입자격고사로 바꾸기 위한 작업을 진행 중입니다. 향후 수능을 대입 자격고사로 전환하려면 국어, 수학, 탐구 영역을 절대평가로 개편하는 작업이 선행돼야 하는데 고교학점제 시대에 맞게 시행될 새 대입제도의 수능은 대입자격을 얻는 시험으로 바뀌고 평가방식도 절대평가로 변화돼야 된다고 생각합니다. 더불어, 대학 입시 변별력을 확보하기 위해서는 수능성적에 더해 각 대학별 고사를 실시해야하고 수능으로 대입자격을 확인한 뒤 대학별 논술, 구술, 면접 평가 등을 통해 우수 학생을 뽑는다면 대학 입시의 변별력을 확보할 수 있을 것으로 판단됩니다.",한국교육과정평가원,행정원,2024 상반기,지거국,경영학부,학점 3.65/4.5,토익: 870,,"학점 3.65/4.5 한국사검정시험: 고급, 컴퓨터활용능력: 1급, 기타: 재경관리사"
4. 본인이 모집분야와 관련한 어떤 일을 처리함에 있어 필요한 기술을 알지 못해 실패하였거나 어려움을 겪은 사례와 그 필요한 기술능력을 향상시키기 위하여 노력한 사례를 기술해 주십시오. (최대 400자 입력가능),[한국교육과정평가원에 필요한 나] 저는 공공기관 인턴으로 근무하면서 정보처리능력을 발휘하여 업무효율을 이뤄낸 경험이 있습니다. 설문조사 자료의 5가지 항목을 부여해서 기관별 점수의 합계를 구하는 업무를 맡게 되었습니다. 방대한 양의 데이터를 일일이 함수를 이용하여 합계를 구하는 방법은 오랜 시간이 걸렸고 더욱 효율적인 업무처리 방법에 대해 생각해 보았습니다. 피벗테이블 기능을 활용하여 범위를 지정하고 열 레이블과 행 레이블 입력만으로 필요한 숫자 데이터가 계산되어 나왔고 함수식을 써서 계산하는 번거로움을 해결할 수 있었습니다.  기존의 방법 대비 시간을 60% 정도 단축할 수 있었고 터득한 노하우를 다른 업무를 수행할 때에도 적용하여 더욱 높은 효과를 낼 수 있었고 엑셀 실무능력을 향상시켰습니다.,한국교육과정평가원,행정원,2024 상반기,지거국,경영학부,학점 3.65/4.5,토익: 870,,"학점 3.65/4.5 한국사검정시험: 고급, 컴퓨터활용능력: 1급, 기타: 재경관리사"
"5. 본인이 [모집분야]의 채용분야와 관련하여 교육ㆍ훈련을 이수한 경험을 기술하여 주십시오. 특히, 해당 교육ㆍ훈련이 채용분야와 관련한 본인의 지식/기술/태도에 어떠한 기여를 하였는지를 포함하여 기술해 주십시오.('교육훈련사항(엑셀별첨)'에 작성한 교육ㆍ훈련 이수 현황) (최대 800자 입력가능)","[업무수행을 위한 발전과정] 저는 행정직군에 지원을 하게 되었고, 업무를 수행하기 위해서는 여러 분야에 능통하면서 전문적인 지식이 필요하다고 생각합니다. 그 중, 회계 분야에 관련된 지식을 공부하기 위해 회계 관련 자격증을 취득하였고 대학 전공으로 회계학 과목을 수강하는 등 직무 지식에 대해 깊이 있는 공부를 하기 위해 노력했습니다. 또한 회계감사를 주제로 학사 졸업논문을 작성했습니다. 그 과정에서 한국채택국제회계기준을 준수하여 재무제표를 작성하기 위한 기업의 노력과 회계감사의 투명성을 제고하기 위한 감사인의 노력이 함께 이루어져야만 회계감사의 실효성이 강화될 수 있다는 점을 배웠습니다.  실제 분식회계 사례를 주제로 OO기업의 부채비율과 매출액순이익률 등 재무비율을 분석하여 분식회계의 원인을 도출하고 분식회계 방지를 위한 해결방안을 모색하였습니다. 졸업 후에는 공인회계사 중급회계 강의를 수강하면서 심화 내용을 학습하였고 배운 내용을 잊어버리지 않기 위해 꾸준히 복습했습니다. 또한 공공기관 근무를 통해 매출 관련 증빙서류 관리와 세금계산서 발행, 전표 처리 업무를 수행하고 매입매출장과 세무 자료를 검토하여 불일치를 해소하는 등의 회계 업무를 처리하면서 실무능력을 향상시켰습니다. 이러한 저의 전문지식과 직무 역량을 바탕으로 한국교육과정평가원에 입사 후 입출금 및 대체 회계전표에 대한 지식을 공부하고 기업의 실무 관련 회계 규정을 숙지하여 여러 가지 회계업무를 효율적으로 처리할 수 있도록 노력하겠습니다.",한국교육과정평가원,행정원,2024 상반기,지거국,경영학부,학점 3.65/4.5,토익: 870,,"학점 3.65/4.5 한국사검정시험: 고급, 컴퓨터활용능력: 1급, 기타: 재경관리사"
"1. 자신의 장점과 단점은 무엇이며, 단점을 극복하기 위해 노력했던 행동과 생각, 결과에 대해 서술하십시오. (최대 500자 입력가능)"," “실수도 실력이다.”실수할 때마다 어머니가 해 주신 말씀입니다. 저는 이 말로 인해 실수하지 않기 위해 꼼꼼한 성격과 깊게 생각하는 습관을 기를 수 있었습니다. 저의 꼼꼼함은 아르바이트를 할 때도 돋보였습니다. 출근 후, 해야 할 일들을 정리하여 체계적으로 기록하고, 여러 번 확인하여 실수를 최소화하고 일의 효율성을 높였습니다. 이는 매장 업무 체계를 잡는 데 도움이 되었고, 매장 오픈 후 매출 우상향 곡선을 그리기도 하였습니다. 하지만, 꼼꼼히 하려다 보니 일처리 속도가 느리다는 것이 단점입니다. 일을 처리하는데 많은 시간이 필요할 뿐만 아니라 일의 마감 기한을 놓치는 경우도 있었습니다. 이 단점을 극복하기 위해 일의 우선순위를 파악하고, 목표 일정을 설정하여 그 기한까지 일을 완료하도록 노력했습니다. 월, 주, 일 단위 계획을 세워 먼저 처리해야 할 일을 우선순위에 따라 처리하였습니다. 이를 통해 아르바이트, 학업, 대외활동을 한 학기에 수행할 수 있었습니다. 입사 후에도 주 업무뿐만 아니라 사소한 일에서도 항상 ‘꼼꼼함’을 가지고 행동하며, 철저히 시간을 관리하는 습관을 통해 신뢰받는 대한전선의 사원이 되겠습니다.",대한전선,프로젝트 관리,2024 상반기,지거국,회계학과,학점 3.74,,사회생활 경험: 인턴 1회,"학점 3.74 대외활동 1회, 공모전 1회 컴퓨터활용능력: 1급, 기타: 재경관리사, 전산세무 2급"
"2. 자신의 인생에서 가장 열정적으로 추진했던 경험은 무엇입니까? (열정을 가지게 된 이유, 추진 준비 과정, 어려웠던 점과 해결 과정을 포함하여 서술하십시오.) (최대 800자 입력가능)"," 회계학과를 전공하며 재무회계, 세무회계 등의 과목을 수강하며 회계에 대한 이론적 지식을 습득할 수 있었습니다. 하지만 이론적 지식을 실무에 적용할 수 있는지 의문이 생겼고, 이론 지식을 실무에 적용하고자 공모전과 교내 재무제표 경진대회에 참여하였습니다. 공모전에서는 팀원들과 비즈니스 모델 구상 등의 과제를 수행하였습니다. 교내 재무제표 경진대회에서는 기업의 재무비율을 분석하여 재무 상태를 파악하고, 전기와 비교하여 기업의 성과를 이해할 수 있었습니다. 하지만 헷갈리는 이론 지식도 많았을 뿐만 아니라, 실무에서 필요한 지식과의 연계가 부족하여 좋은 결과를 가져오지 못하였습니다. 이후 기업에 회계 지식을 적용하기 위해서는 경제적 지식 또한 필수적이라고 느꼈고, 이에 경제학과를 부전공하였습니다. 기업의 행동이 어떻게 소비자들과 국제 경제에 영향을 미치는지 알 수 있었고, 리먼브라더스 사태와 같은 사례를 통해 기업의 안정적인 성장을 위한 방법에 관심이 생겼습니다. 기업의 안정적 성장을 위해서는 회계적 성과와 안정성이 뒷받침되어야 하고, 이에 알맞은 프로젝트 관리를 할 수 있어야 합니다. 이를 위해 회계 지식을 더욱 강화하고자 재경관리사를 취득하였습니다. 이를 바탕으로 심화된 회계 지식을 익힐 수 있었습니다. 또한 전산세무 2급 자격증을 취득하여 실무 처리 능력도 기를 수 있었습니다.  이러한 경험은 저에게 어려움을 극복할 수 있다는 자신감과 끊임없는 학습의 중요성을 상기시켜 주었습니다. 이처럼 끊임없이 발전하는 모습으로 대한전선의 프로젝트 관리 직무에서 뛰어난 성과를 이루겠습니다.",대한전선,프로젝트 관리,2024 상반기,지거국,회계학과,학점 3.74,,사회생활 경험: 인턴 1회,"학점 3.74 대외활동 1회, 공모전 1회 컴퓨터활용능력: 1급, 기타: 재경관리사, 전산세무 2급"
"3. 협업을 통해 공동의 목표를 달성한 경험은 무엇이었으며, 목표를 위해 타인과 소통했던 과정 등을 구체적으로 서술하십시오. (협업을 하게 된 상황/목표, 달성 과정에서 어려웠던 상황, 소통 방식을 포함하여 서술하십시오.) (최대 800자 입력가능)"," 저는 대학 시절 동아리 활동에서 공연이라는 목표를 위해 노력하여, 공연을 성공적으로 끝마친 경험이 있습니다. 연습이 없는 날에도 동아리방에 나와, 선배들의 피드백을 들으며 부족한 점을 보완해나갔습니다. 잘 고쳐지지 않는 점도 있었지만 포기하지 않고, 공연을 준비하는 다른 모든 동아리원과 서로서로 피드백을 주고받는 등 협력하여 부족한 점을 극복하고 공연을 성공적으로 준비할 수 있도록 힘을 모으곤 하였습니다. 또한, 새로 가입한 동아리원 중에서 새로운 환경에 적응하기 어려워하거나 기존 동아리원들과 잘 친해지지 못하는 동아리원이 몇몇 있었습니다. 공연을 위해서는 함께 협동하고 연습해야 했지만, 새로 가입한 동아리원들이 불편해하거나 적응을 하지 못해 연습에 차질이 생길 때도 있었습니다. 그래서 저는 편안한 분위기를 조성하여 새로운 동아리원들이 빠르게 기존 동아리원들과 친해지며 동아리에 적응할 수 있도록 도왔습니다. 새로 가입한 동아리원들과 많은 대화를 하려고 노력하고, 기존 동아리원들과 친해질 수 있도록 모임을 주선하기도 했습니다. 모임이 끝난 후에는 따로 연락하여 잘 들어갔냐고 묻는 등 개인적으로 연락을 주고받아 새로운 동아리원들이 빠르게 기존 동아리원들과 친해지며 동아리에 적응할 수 있도록 돕기 위해 노력했습니다. 이러한 노력으로 공연을 성공적으로 마무리할 수 있었고, 동아리 내에서도 긍정적인 분위기를 조성할 수 있었습니다. 이 경험을 통해 협력과 의사소통의 중요성을 깨달았으며, 다양한 상황에서 의사소통 능력을 발휘하는 방법을 배울 수 있었습니다.",대한전선,프로젝트 관리,2024 상반기,지거국,회계학과,학점 3.74,,사회생활 경험: 인턴 1회,"학점 3.74 대외활동 1회, 공모전 1회 컴퓨터활용능력: 1급, 기타: 재경관리사, 전산세무 2급"
"1. 본인이 회사를 선택할 때의 기준은 무엇이며, HMM이 그 기준에 부합하는 이유에 대해 서술해주세요. (700)","[업종 다각화로 성장을 실현하는 HMM] 성장 가능성이 높은 회사의 사업방향 속에서 자부심을 느끼며 자신 있는 실무를 할 수 있는 회사를 선택기준으로 삼고 있습니다. 그리고 HMM은 업종 다각화를 바탕으로 선택기준에 부합하는 종합해운물류사입니다. 지속적인 사업확장으로 성장을 꿈꾸는 회사가 지속가능한 영업이익을 만들 수 있고, 이러한 회사에서 자부심을 가질 때 꾸준한 직장생활을 할 수 있다고 생각합니다. 이때 HMM은 주력사업인 컨테이너와 더불어 벌크, 환경대응, 디지털 솔루션 구축으로 14분기 연속 흑자를 달성한 국적선사로써 선택기준에 부합하는 회사입니다. HMM은 장기불황이 예상되는 컨테이너시황에도 특수화물 및 냉동화물 등 고채선화물 유치를 강화하고 메탄올 추진선 9척을 발주하며 수익성 개선과 환경대응을 함께 하고 있습니다. 또한 장기운송계약이 가능한 벌크선의 강점을 활용해 벌크선대를 확장하여 선대 개선을 시도하고 있습니다. 그리고 디지털 부문에서 Hi Quote, 벤더 파트너즈 등 다양한 플랫폼을 운영하여 화주와 협력사에 실시간 데이터를 공유하고 페이퍼리스시대를 도모하고 있습니다. 이러한 컨테이너시장 장기불황과 환경규제, 디지털화에 대비하는 경영전략은 어떠한 해운시황도 이겨낼 수 있는 HMM만의 원동력이라 생각합니다. 따라서 이러한 성장 가능성이 풍부한 HMM과 함께하며 자부심을 느끼는 실무를 하여 회사에 기여하겠습니다.",HMM,컨테이너영업,2024 상반기,부산대,식품자원경제학과,학점 3.91/4.5,"토익: 880, 오픽: IM2",사회생활 경험: 신용보증기금,"학점 3.91/4.5 부산선박금융연구회, 폴라리스 대학생경제봉사단 한국사검정시험: 고급, 기타: 국제무역사 1급"
2. 20~30대 시절 최고의 순간과 최악의 순간은 무엇이었나요? 해당 경험이 본인의 가치관 형성에 어떠한 영향을 주었는지 서술해주세요.,[성취로 느낀 보람과 실패로 깨달은 팀워크] 신용보증기금에 재직하며 능동적인 업무처리로 감사함을 표하셨던 기업대표님을 응대한 경험이 최고로 보람을 느낀 순간이었습니다. 당시 전기 대비 매출이 감소하여 보증료가 인상될 상황에 처한 화물운송업체의 보증서 연장을 담당한 적이 있습니다. 이때 해당기업의 수취가 가능한 매출채권이 있는지 대표님과 검토하였고 효력이 있는 채권을 발견하였습니다. 이를 통해 보증료를 동결하며 기업에 동일한 금융지원을 할 수 있었습니다. 이러한 경험에 따라 타인과 사회에 행복한 바람을 불어넣어 드리자는 가치관을 형성할 수 있었습니다. 반면 팀장으로 참여한 해운시황분석대회에서 목표달성에 실패한 경험이 있습니다. 당시 팀원들과 3등 이상 수상이라는 목표를 설정하고 대회준비를 하였습니다. 이때 마감기한이 촉박하다는 독자적인 판단을 하여 팀원들이 맡은 역할까지 무리하게 병행하였고 보고서의 완성도가 떨어지며 목표를 달성하지 못하였습니다. 이러한 경험을 통해 협업하는 경우는 긴박성 등의 업무사항을 팀원과 함께 결정하고 서로의 역할수행을 믿을 때 오히려 좋은 결과가 나올 수 있다는 사실을 깨달으며 팀워크라는 가치를 쌓을 수 있었습니다.,HMM,컨테이너영업,2024 상반기,부산대,식품자원경제학과,학점 3.91/4.5,"토익: 880, 오픽: IM2",사회생활 경험: 신용보증기금,"학점 3.91/4.5 부산선박금융연구회, 폴라리스 대학생경제봉사단 한국사검정시험: 고급, 기타: 국제무역사 1급"
"3. 본인이 지원한 직무의 역할이 무엇이라 생각하는지 제시하고, 해당 직무를 수행하기 위해 어떤 노력과 준비를 하였는지 서술해주세요.","[데이터로 말하는 컨테이너영업인] 지원한 직무는 현장의 최전선에서 HMM의 컨테이너운송이 필요한 화주의 사업을 이어드리는 '지원군'입니다. 또한 컨테이너영업직무는 화물종류마다의 효율적인 항로와 서비스를 화주께 제시하여 영업이익 극대화를 실현하는 역할입니다. 그러므로 시장조사를 하여 물동량 증가가 예상되는 업종의 화주를 발굴하고 항로, 선적 현황을 분석하여 화주의 니즈에 부합하는 조건을 신속히 제시하는 능력이 요구됩니다.  이에 따라 상황에 적합한 데이터를 분석하여 화주와 의사소통을 하기위한 준비를 하였습니다. 대학 시절 HMM 해기사님과 함께 컨테이너선사 경영프로젝트를 하며 SCFI, 공급망압력지수 등의 데이터를 통계분석하고 분석역량을 키웠습니다. 또한 화주라는 기업고객에 대한 응대경험을 쌓고자 신용보증기금 인턴직에 재직하였습니다. 이때 기업관계자와 협업하며 매출채권, 재무적 지표 등 다양한 자료들을 근거로 제시하며 신속한 의사소통을 하였습니다. 따라서 이러한 경험들로 다져온 역량을 변수가 많은 해운현장에서 적합한 항로 등의 데이터를 분석하고 최적의 해운경로와 운임을 신속히 화주께 제시하며 차질 없는 운송프로세스를 구축하는 데 기여하겠습니다.",HMM,컨테이너영업,2024 상반기,부산대,식품자원경제학과,학점 3.91/4.5,"토익: 880, 오픽: IM2",사회생활 경험: 신용보증기금,"학점 3.91/4.5 부산선박금융연구회, 폴라리스 대학생경제봉사단 한국사검정시험: 고급, 기타: 국제무역사 1급"
4. HMM에서 어떤 인재로 성장하고 싶은지 서술해주세요.,[종합물류화로 가치를 연결하는 HMM인이 되자] 화주의 가치를 종합물류화로 연결할 수 있도록 HMM의 사업영역을 확장하는 인재로 성장하고 싶습니다. HMM의 해운업과 함께 터미널 운영력을 강화하고 물류센터 등의 물류사업을 확장하면 HMM만의 종합해운물류업을 실현할 수 있다고 생각하기 때문입니다. 따라서 이러한 인재로 성장하고자 인턴 기간에 선배님과 업무메뉴얼을 통해 업무를 신속히 학습하고 현업에 적용하겠습니다. 이후 신입사원이 되어 화주의 니즈에 알맞는 운항조건을 제시하며 영업관리를 하고 HMM 서비스가 필요한 예비화주와 신규계약을 체결하며 영업경력을 쌓겠습니다. 이후 5~10년 차 HMM인이 되면 영업직무와 함께 화주의 가치를 극대화할 수 있는 사업전략을 고안하고 이를 기획부서에 전달하는 연결다리가 되겠습니다. 그리고 10년 차 이상의 HMM인이 되면 물류센터설립 등 구체적인 신규사업을 발굴하는 아이디어뱅크로 성장하여 화주가 만족하는 HMM의 종합물류화를 이루겠습니다.,HMM,컨테이너영업,2024 상반기,부산대,식품자원경제학과,학점 3.91/4.5,"토익: 880, 오픽: IM2",사회생활 경험: 신용보증기금,"학점 3.91/4.5 부산선박금융연구회, 폴라리스 대학생경제봉사단 한국사검정시험: 고급, 기타: 국제무역사 1급"
1. ,"[지원동기]저는 동양건설산업에서 회계팀 사원으로 근무하며, 주거 환경을 지원하는 업무에 대해 관심을 가지게 되었습니다. 특히 한국주택금융공사의 여러 상품 중 청년들의 주거 환경을 지원하는 청년 버팀목 전세자금대출에 대해 많은 관심을 가지고 있습니다. 사회에 첫 발을 내딛는 청년들에게 매우 유용한 상품이지만, 처음 이용하는 청년들에게는 다소 어려울 수 있다고 생각합니다. 저는 이런 부분에서 한국주택금융공사에 입사하여 청년들에게 도움을 줄 수 있는 역할을 하고 싶습니다.[입사 후 포부]한국주택금융공사 체험형 인턴으로 근무하게 된다면 한국주택금융공사의 상품에 대해 완벽하게 숙지하여 고객들의 문의에 정확한 답변을 제공하고, 방문하신 민원인분들에게 친절하게 안내하여 공사의 이미지를 높이는 데 기여하겠습니다. 또 한국주택금융공사의 업무 프로세스를 파악하여 비효율적인 부분을 발견한다면 개선할 수 있도록 제안하겠습니다. 조직 내에서는 원활한 소통과 협력을 이끌어내는 데 노력하여 한국주택금융공사의 발전에 기여하겠습니다.",한국주택금융공사,체험형 인턴,2024 상반기,경기권 4년제,데이터경영,학점 3.06,토익: 800,사회생활 경험: 대기업 건설사 회계직 2개월 스타트업 1개월,"학점 3.06 한국사검정시험: 고급, 컴퓨터활용능력: 1급, 기타: 신용분석사 adsp 매경 전산회계1급"
"2. 지원자의 장점을 공사 인재상과 (창조인, 전문인, 화합인) 연관 지어 상세히 기술하고, 이를 업무 수행시 어떻게 활용할 것인지 기술해 주십시오.","저의 장점은 창조인이라고 생각합니다.동양건설산업에서 근무 당시, ERP데이터 마이그레이션을 7개의 법인을 담당하여 업무를 수행한 경험이 있습니다. 당시에는 처음 접하는 프로그래밍 언어와 툴이었지만, 적극적으로 학습하고 동료들과 함께 문제를 해결하며 프로젝트를 성공적으로 완료하였습니다. 이 경험을 통해 데이터를 효율적으로 관리하고, 새로운 가치를 창출하는 능력을 길렀습니다.이를 통해 현재는 엘케이벤쳐스(인생네컷) 단기 회계직에서 재고 실사 및 유형자산,무형자산,리스자산등을 관리 할 때도 그 때 배웠던 역량과 OA스킬을 활용하여 업무에 임하고 있습니다. 주택금융공사의 창조인은 창의적인 사고와 도전 정신으로 새로운 가치를 창출하는 인재라고 생각합니다. 저의 이런 경험과 역량을 바탕으로 주택금융공사에 입사하여, 창의적인 사고와 도전 정신으로 새로운 가치를 창출하는 데 기여하겠습니다그리고 회계팀 사원으로 많은 양의 문서 작업 특히 엑셀 프로그램과 다양한 ERP프로그램을 사용한 경험이 있습니다.이를 바탕으로 한국주택금융공사의 문서, 사무 업무에 있어 정확성과 적시성을 갖추며 업무에 임할 수 있습니다.",한국주택금융공사,체험형 인턴,2024 상반기,경기권 4년제,데이터경영,학점 3.06,토익: 800,사회생활 경험: 대기업 건설사 회계직 2개월 스타트업 1개월,"학점 3.06 한국사검정시험: 고급, 컴퓨터활용능력: 1급, 기타: 신용분석사 adsp 매경 전산회계1급"
3. 공사는 공익성을 핵심가치 중 하나로 삼고 있습니다. 지원자의 과거 공익 지향적 경험이 있다면 기술하여 주십시오.,"저는 대학교 재학 시절, XX시청에서 다문화 어린이 멘토링 봉사활동을 한 경험이 있습니다. 다문화 어린이 멘토링은 경제적으로 어려운 가정의 다문화 어린이들이 공부하는 곳으로, 학습 환경이 열악한 경우가 많았습니다. 저는 아이들의 학습 환경을 개선하기 위해 노력하였습니다.먼저, 아이들의 학습 수준을 파악하고, 맞춤형 학습 계획을 수립하였습니다. 또 학습에 필요한 교재와 교구를 준비하고, 수업 시간에는 아이들의 질문에 적극적으로 대답하며, 학습 동기를 부여하였습니다.또한 학원강사의 경험과 학업을 늦게 시작한 야구선수의 경험 또한 있기에 아이들에게 진솔한 제 얘기를 들려주며, 동기부여와 함께 개인적으로 봉사활동이 끝나고도 연락을 하고 있을만큼 제겐 따뜻한 경험이었습니다.그리고 남을 도우며 제가 하는 일에 자신감과 자부심이 중요하다는 것을 스스로에게도 느꼈던 소중한 경험이었습니다.저의 이런 경험을 바탕으로 공사에 입사하여, 공익성을 핵심가치로 삼아 국민의 주거 복지 증진과 국가 경제 발전에 기여하겠습니다.",한국주택금융공사,체험형 인턴,2024 상반기,경기권 4년제,데이터경영,학점 3.06,토익: 800,사회생활 경험: 대기업 건설사 회계직 2개월 스타트업 1개월,"학점 3.06 한국사검정시험: 고급, 컴퓨터활용능력: 1급, 기타: 신용분석사 adsp 매경 전산회계1급"
"4. 공사 사업분야(정책모기지, 유동화증권발행, 주택보증, 주택연금) 또는 부서 중 지원자가 가장 관심을 갖고 있는 분야(부서)를 1가지 선택하고, 그 이유와 본인이 기여할 수 있는 방안에 대해 기술하여 주십시오.","저는 한국주택금융공사의 사업 문야 중 정책모기지에 관심이 있습니다. 특히 그 중에서도 서민들의 주거환경을 위한 보금자리론과 디딤돌 대출에 관한 관심이 많습니다.제가 정책모기지에 관심을 가지게 된 계기는 동양건설산업의 회계팀 사원, 건설사의 회계팀 사원으로 근무하며 서민들의 입장에서 보금자리 마련이 어렵다는 것을 느꼈던 계기가 많습니다. 이에 따라 국민의 주거 안정성을 보장하는 것이 국가 경제 발전에 중요하다느 것을 깨달았기 때문입니다. 또 경제적으로 어려운 가정의 경우, 정책 모기지를 통해 내 집 마련의 기회를 얻을 수 있다는 것도 알게 되었습니다.또한 건설업에서 근무했던 경험이 있기에, 이를 바탕으로 한국주택금융공사에서의 업무에서도 활용할 수 있습니다.저는 정책 모기지에 대한 이해도와 활용 능력을 높여 국민의 주거 안정성을 보장하고, 국민들의 보금자리 마련을 지원하는 데 기여 하겠습니다. 또한 한국주택금융공사가 취급하는 금융상품에 대해 파악과 업무 프로세스를 파악하고 효율적으로 개선하도록 기여하겠습니다.",한국주택금융공사,체험형 인턴,2024 상반기,경기권 4년제,데이터경영,학점 3.06,토익: 800,사회생활 경험: 대기업 건설사 회계직 2개월 스타트업 1개월,"학점 3.06 한국사검정시험: 고급, 컴퓨터활용능력: 1급, 기타: 신용분석사 adsp 매경 전산회계1급"
1. 신용보증기금 청년인턴에 지원하게 된 동기와 인턴생활을 통해 얻거나 배우고자 하는 점을 기술하여 주십시오.,"(400자 이상 600자 이내)신용보증기금 청년인턴에 지원 동기는 다양합니다. 첫째 경제와 기업에 대한 관심과 열정을 가지고 있습니다. 신용보증기금은 중소 중견기업의 성장과 발전을 지원하고 국가 경제에 기여하는 중요한 역할을 수행합니다. 이에 참여하여 경제 생태계에 기여하고 기업들의 성공을 도모하는 과정에 참여하고 싶습니다. 둘째 신용보증기금 청년인턴을 통해 실전적인 경험과 역량을 키우고자 합니다. 이러한 경험은 전문성을 향상시키고 새로운 도전에 대비할 수 있는 기회를 제공합니다. 또한, 업무를 수행하며 조직 내에서의 협업과 의사소통 능력을 향상시킬 수 있을 것입니다.인턴생활을 통해 다음과 같은 점듬을 얻거나 배우고자 합니다.첫재 신용보증기금의 역할과 기능에 대한 이해를 높이고, 기업에 대한 신용 평가와 보증 절차에 대한 실무 지식을 습득하고자 합니다. 둘째 실제 기업들과의 소통을 통해 중소 중견기업의 요구와 어려움을 파악하고, 그들에게 필요한 지원 방안을 모색하고 제안하는 능력을 키우고 싶습니다.마지막으로, 신용보증기금 청년인턴을 통해 기업 경제에 대한 실전적인 이해와 경험을 쌓으며, 신용보증기관의 역할과 기능을 이해하고 기업들에게 필요한 지원을 제공하는 능력을 키우고자 합니다",신용보증기금,체험형 인턴,2024 상반기,경기권 4년제,데이터경영,학점 3.06,토익: 800,사회생활 경험: 건설사 2개월 스타트업 1개월 계약직,"학점 3.06 한국사검정시험: 고급, 컴퓨터활용능력: 1급, 기타: 신용분석사 adsp 전산회계 1"
"2. 신용보증기금이 청년인턴에게 기대하는 역량은 무엇이라고 생각하며, 본인이 그 역량에 어떻게 부합하는지 경험","또는 교육사항 등을 포함하여 기술하여 주십시오. (400자 이상 600자 이내)[분석력과 태도]분석력은 기업들의 금융 상황을 정확히 파악하고, 적절한 금융 지원 방안을 도출하는 능력을 의미합니다. 또한, 대면 업무에서의 태도는 기업들과 원활한 커뮤니케이션과 협력을 이루는 능력을 말합니다.역량에 부합하는 경험으로는 동양건설산업에서 회계팀 사원으로 법인/현장별 결산 업무 erp이관작업과 국민연금공단에서 지원 업무를 수행하며 데이터 분석을 진행한 경험이 있습니다.또한 대면 업무에서의 태도에도 주의를 기울였습니다. 기업들과의 소통과 협력을 위해 적극적으로 의사소통을 하고, 신속하고 정확한 업무 처리에 최선을 다하였습니다. 업무에 대한 책임감과 자부심을 가지며 수행했으며, 신용보증기금에서도 이러한 태도를 가지며 역할을 수행할 수 있습니다.마지막으로 교육과 자기계발에 대한 노력입니다. 금융 및 경영 관련 분야의 교육 이수와 자격 취득을 했으며, 대학시절 중소기업 탐방 경험을 통해 산업의 동향 파악의 경험이 있습니다. 신용보증기금이 요구하는 역량에 부합하고, 미래에도 성장하며 역량을 강화하도록 준비하겠습니다.",신용보증기금,체험형 인턴,2024 상반기,경기권 4년제,데이터경영,학점 3.06,토익: 800,사회생활 경험: 건설사 2개월 스타트업 1개월 계약직,"학점 3.06 한국사검정시험: 고급, 컴퓨터활용능력: 1급, 기타: 신용분석사 adsp 전산회계 1"
"3. 신용보증기금은 ‘해외동반진출 보증 프로그램’을 올해 신설하여 대기업은 신보에 자금을 출연하고 협력업체를 추천하며, 신보는 추천된 중소·중견기업의 해외진출 필요자금을 지원하는 사업을 운영중에 있습니다. 지원자가 생각하기에 신용보증기금이 이러한 프로그램을 운영하게 된 배경이 무엇인지 세계 경제 상황 등 대외여건을 고려하여 기술하여 주시기 바랍니다. (500자 이상 1500자 이내)","세계 경제는 글로벌화와 함께 빠르게 변화하고 있습니다. 특히, 최근에는 코로나19로 인해 글로벌 공급망의 불확실성이 증가하면서 기업들의 해외 진출이 더욱 어려워지고 있습니다. 이러한 상황에서 국내 기업들은 해외 시장에서 경쟁력을 확보하기 위해 다양한 노력을 하고 있습니다. 특히, 대기업과 중소기업 간의 동반 진출은 국내 기업들의 해외 진출을 성공적으로 이끌어내는 데 중요한 역할을 합니다. 대기업은 해외 시장에서 높은 인지도와 네트워크를 가지고 있으며, 이를 활용하여 중소기업의 해외 진출을 지원할 수 있습니다. 중소기업은 대기업이 필요로 하는 기술력과 제품을 제공할 수 있으며, 이를 통해 대기업의 경쟁력을 높일 수 있습니다.하지만, 대기업과 중소기업 간의 동반 진출은 자금 조달 등의 문제로 인해 어려움을 겪는 경우가 많습니다. 이에 따라 신용보증기금은 대기업과 중소기업 간의 동반 진출을 지원하기 위해 해외동반진출 보증 프로그램을 운영하게 되었습니다. 이 프로그램은 대기업이 신보에 자금을 출연하고 협력업체를 추천하면, 신보는 추천된 중소 중견기업의 해외 진출 필요자금을 지원하는 것입니다. 이를 통해 대기업과 중소기업간의 동반 진출을 촉진하고, 국내 기업들의 해외 경쟁력을 강화하는 데 기여할 것으로 기대 됩니다.따라서, 신용보증기금이 해외동반진출 보증 프로그램을 운영하게 된 배경은 세계 경제 상황 등 대외여건을 고려하여 국내 기업들의 해외 진출을 지원하고, 국내 경제 활성화를 도모하기 위한 것으로 볼 수 있습니다.",신용보증기금,체험형 인턴,2024 상반기,경기권 4년제,데이터경영,학점 3.06,토익: 800,사회생활 경험: 건설사 2개월 스타트업 1개월 계약직,"학점 3.06 한국사검정시험: 고급, 컴퓨터활용능력: 1급, 기타: 신용분석사 adsp 전산회계 1"
